2-Oxocarboxylic acid metabolism	HICITD
Alanine and aspartate metabolism	AGTi	ALAALA	ALAALAD	ALAD_L	ALAD_R	ALAR	ARGSL	ARGSS	ARGSSr	ASADi	ASNS1	ASNS2	ASPNH4L	ASPNH4Li	ASPT	ASPTA	DAAD	L_ALAOPAT	NACASPAH	r0127
Alkaloid synthesis	NMPTRCOX
Aminobenzoate degradation	4HBADH	4HBALDDH	4HBZCL	4NTPPH2	BZAMAH	VNDH-2
Aminophosphonate metabolism	PACTH
Aminosugar metabolism	ACGALK3	ACGAM2E	ACGAM6PSi	ACGAMH	ACGAMK	ACGAMPM	ACNAMS	ACNML	AGDC	AGDC2	AHEXASE3	AMANAPEr	AMANK	CDPGHL	CMPSAS	G6PDA	GALAM6PDA	GF6PTA	HEX10	UACMAMAT	UACMAMO	UAG2E	UAG2EMA	UAG4E	UAGAAT	UAGCVT_r	UAGDP	UDPGALM
Arginine and proline metabolism	1P4H2CBXLAH	4HPROI	4HPROOX	5APTLPO	5DOAN	ACGK	ACOCT	ACONMT	ACOTA	ADMDC	ADMDCr	AGMD	AGMT	ALPHNH	AMID	AMID2	AMID4	AMID5	ARGDA	ARGDC	AST	CBMK	CBMKr	DDPGA	EHGLAT	G5SDr	GGGABADr	GGGABARr	GLU5K	GSPMDA	GSPMDS	HPROxr	HPROyr	HYPD	HYPSUCORNS	MDRPD	MTAN	MTAP	MTRI	MTRK	NCPTRCA	NOS1	NWHARGOX	ORNCD	ORNTA	ORNTAC	P5CR	P5CRy	P5CRyr	PAOOX	PRO1x	PROD2	PROD3	PROD3i	PROLR	PRO_DR	PTRCTA	SADH	SGDS	SGSAD	SOTA	SPMDAT1	SPMDAT2	SUCCITRDSs	SUCORNTC	UREA
Ascorbate and aldarate metabolism	2DDPENTHL	2DH3DGLCA	AB14LACH	ANOX	ARABTH	ASCBPL	D4DGCD	D4DGCDi	DKGLCNR1	GALCTD	GLCRAL	GLCRD	GLCRHL	GULLACO	GULLACOX
Benzoate degradation	25K5O2AI	2HMCOXT	34DCCBR	3OXCOAT	BZ12DOX	BZ12DOXy	BZDIOLDH	CATDOX	CMLDC	MUCCYCI	OXOAEL	PCAB
Bile acid metabolism	12aHSDHe	7AHSDH	7AHSDHe	BAIA1	BAIA2	BAIA3	BAICDH1	BAICDH2	BAICDH3	BAICDH4	BAICDH5	BAICDH6	BAIEI1	BAIEI2	BAIEI3	BAIF1	BAIF2	BAIF3	BAIV1	BAIV2	BAIW1	BAIW2	BAIX1	BAIX2	BAIY1	BAIY2	BAIZ1	BAIZ2	BICoAL1	BICoAL2	BICoAL3	CA3aHSDHe	CDCA3aHSDHe	CDCA7aHSDHe	CHSTRedC	CHSTRedE	GCDCHOLBHSe	GCHOLBHSe	ICA3bHSDHe	ICDCA3bHSDHe	TCDCHOLBHSe	TCHOLBHSe	UCA7bHSDHe	UDCA7bHSDHe
Bile acid synthesis	AKR1D	RE1834C	r0739
Biosynthesis of siderophore group nonribosomal peptides	DHBD	ICHORT	SALCS2
Biotin metabolism	3HACPR1	3HACPR2	3OAACPR1	3OAACPR2	AMAOTr	AOXSr	AOXSr2	BACCLi	BSORx	BSORy	BTNCL	BTNCLi	BTND1	BTS4	DBTS	EACPR1	EACPR2	GACPCD	MALCOACD	MALCOAMT	PMACPME
Butanoate metabolism	2HYDOGCOAD	2HYDOGCOAT	2HYDOGDH	3BTCOAI	3HBBUTH	3HBCD	3HBCOAE	4HBNOX	5A3OHEXCLE	ACACCTr	ACCOAT	ACLDC	ACOAD1	ACOAD1f	ACOAD1fi	ACOAD1i	ACOAD2	ACTD	ACTNDH	BCOAACT	BDH	BTALDH	BTCOAACCOAT	BTCOADH	BTCOADHi	BTDD_RR	BUTCT	BUTCTr	BUTKr	FDNADOX_H	GLUTACCOADC	GLUTARCOAT	GLUTCOADH	GLUTCOADH2	HMGL	MALDDH	PBUTT	PHPB2	PHPB2i	SBTDOX	SSALxr	SSALyr
C5-Branched dibasic acid metabolism	CITMALL
Carbon fixation in photosynthetic organisms	RBPC	S17BPH
Cell wall biosynthesis	ACGAMT	ALAPGPL	AMAA	CDPEAS	CDPGLYCGPT	CDPGLYCPGH	ETHAAL	ETHAP	G1PACT	GLNSP1	GLNSP2	GLNSP3	HBCD	HDG3PACT	IHDUDPG	IHDUDPMG	IPDUDPG	IPDUDPMG	ITDUDPG	ITDUDPMG	IXDUDPG	IXDUDPMG	MUDPDGT	MUDPMGT	PAPPT2	PAPPT3	PEPGLY	PGAMT	PGPGT	PLASMETHAPH	PUDPDGT	PUDPMGT	SGAT	SUDPDGT	SUDPMGT	TDG3PACT	TDPADGAT	TDPAGTA	TDPDRE	TECA1S140	TECA1S160	TECA1S180	TECA1SAI15	TECA1SAI17	TECA1SI14	TECA1SI15	TECA1SI16	TECA1SI17	TECA2S140	TECA2S160	TECA2S180	TECA2SAI15	TECA2SAI17	TECA2SI14	TECA2SI15	TECA2SI16	TECA2SI17	TECA3S140	TECA3S160	TECA3S180	TECA3SAI15	TECA3SAI17	TECA3SI14	TECA3SI15	TECA3SI16	TECA3SI17	TECA4S	TECA5S140	TECA5S160	TECA5S180	TECA5SAI15	TECA5SAI17	TECA5SI14	TECA5SI15	TECA5SI16	TECA5SI17	TECAAE	TECAGE	TECAUE	TEICH45	UAAGDS	UAGPT2	UAGPT3	UAMAGS	UAMAS	UAPGR	UDCPDP	UDCPDPS	UDPDPS	UGMDDS	URFGTT
Chloroalkane and chloroalkene degradation	MSAS
Cholesterol metabolism	DMATT	FRDPFT	FRDPS	FRTT	FT	GRTT	OCTDPS	SQLE	SQLErev	SSQEPXS	r0488
Chondroitin sulfate degradation	CS4TASE	CS4TASE2	CS6TASE	CSABCASE_A_e	CSABCASE_B_e	CSABCASE_C_e	GLCAASEe	IDOURASE	IS2TASE
Citric acid cycle	3CARLPDH	ACITL	ACONT	ACONTa	ACONTb	AKO	CITL	CS	FRD2	FRD3	FRD7	FUM	ICDHx	ICDHy	ICDHyr	ICL	MALFADO	MALFADOi	MDH	MDH2	MDH3	ME1	OAACL	OAACLi	OAAS	OAASr	OOR2r	PC	PPCK	PPCKr	SUCD1	SUCD1i	SUCD4	SUCDi	SUCDimq	SUCOAS	SUCOAS1	SUCOAS1c	r0163c	r0556c	r0556ci
CoA catabolism	PNTEH	r0679
CoA synthesis	2DHPL	ACPS	ACPS1	ACPpds	DPCOAK	DPR	DPRr	MOHMT	PANTS	PNTK	PPCDC	PPNCL3	PTPAT	r0578	r0671
Exchange/demand reaction	DM_2HYMEPH	DM_2obut[c]	DM_4HBA	DM_5DRIB	DM_5MTR	DM_AMOB	DM_GCALD	DM_HQN	DM_NA1	DM_adocbl(c)	DM_atp_c_	DM_btn	DM_cholcoa_c_	DM_clpn140(c)	DM_clpn160(c)	DM_clpn180(c)	DM_clpnai15(c)	DM_clpnai17(c)	DM_clpni14(c)	DM_clpni15(c)	DM_clpni16(c)	DM_clpni17(c)	DM_dad_5	DM_dcholcoa_c_	DM_dhptd(c)	DM_dtdprmn(c)	DM_hcys_L[c]	DM_kdo2lipid4L(c)	DM_pheme(c)	DM_q8h2[c]	DM_teich_45_BS(c)	DM_thmpp(c)	DM_udoholcoa_c_	DM_udpglcur(c)	EX_12dgr180(e)	EX_12dhchol(e)	EX_12ppd_S(e)	EX_13ppd(e)	EX_15dap(e)	EX_26dap_M(e)	EX_2ddglcn(e)	EX_2dmmq8(e)	EX_2hyoxplac(e)	EX_2mbut(e)	EX_2obut(e)	EX_2omfuc(e)	EX_2omxyl(e)	EX_34dhpha(e)	EX_34dhphe(e)	EX_3ddlhept(e)	EX_3dhcdchol(e)	EX_3dhchol(e)	EX_3hcinnm(e)	EX_3hphac(e)	EX_3hpppn(e)	EX_3mop(e)	EX_4abut(e)	EX_4abz(e)	EX_4hbz(e)	EX_4hoxpacd(e)	EX_4hphac(e)	EX_4hpro(e)	EX_4mcat(e)	EX_5aptn(e)	EX_5htrp(e)	EX_5mta(e)	EX_5mthf(e)	EX_7dhcdchol(e)	EX_7ocholate(e)	EX_C02528(e)	EX_Cit_Mg(e)	EX_HC00319(e)	EX_HC02191(e)	EX_HC02194(e)	EX_Lcyst(e)	EX_Lcystin(e)	EX_Lkynr[e]	EX_M03134(e)	EX_MGlcn10(e)	EX_MGlcn100(e)	EX_MGlcn100_rl(e)	EX_MGlcn101(e)	EX_MGlcn101_rl(e)	EX_MGlcn102(e)	EX_MGlcn102_rl(e)	EX_MGlcn103(e)	EX_MGlcn103_rl(e)	EX_MGlcn104(e)	EX_MGlcn104_rl(e)	EX_MGlcn105(e)	EX_MGlcn105_rl(e)	EX_MGlcn106(e)	EX_MGlcn106_rl(e)	EX_MGlcn107(e)	EX_MGlcn107_rl(e)	EX_MGlcn108(e)	EX_MGlcn108_rl(e)	EX_MGlcn109(e)	EX_MGlcn109_rl(e)	EX_MGlcn10_rl(e)	EX_MGlcn110(e)	EX_MGlcn110_rl(e)	EX_MGlcn111(e)	EX_MGlcn111_rl(e)	EX_MGlcn112(e)	EX_MGlcn112_rl(e)	EX_MGlcn113(e)	EX_MGlcn113_rl(e)	EX_MGlcn114(e)	EX_MGlcn114_rl(e)	EX_MGlcn115(e)	EX_MGlcn115_rl(e)	EX_MGlcn116(e)	EX_MGlcn116_rl(e)	EX_MGlcn117(e)	EX_MGlcn117_rl(e)	EX_MGlcn118(e)	EX_MGlcn118_rl(e)	EX_MGlcn119(e)	EX_MGlcn119_rl(e)	EX_MGlcn12(e)	EX_MGlcn120(e)	EX_MGlcn120_rl(e)	EX_MGlcn121(e)	EX_MGlcn121_rl(e)	EX_MGlcn122(e)	EX_MGlcn122_rl(e)	EX_MGlcn123(e)	EX_MGlcn123_rl(e)	EX_MGlcn124(e)	EX_MGlcn124_rl(e)	EX_MGlcn126(e)	EX_MGlcn126_rl(e)	EX_MGlcn127(e)	EX_MGlcn127_rl(e)	EX_MGlcn128(e)	EX_MGlcn128_rl(e)	EX_MGlcn129(e)	EX_MGlcn129_rl(e)	EX_MGlcn12_rl(e)	EX_MGlcn13(e)	EX_MGlcn130(e)	EX_MGlcn130_rl(e)	EX_MGlcn131(e)	EX_MGlcn131_rl(e)	EX_MGlcn132(e)	EX_MGlcn132_rl(e)	EX_MGlcn133(e)	EX_MGlcn133_rl(e)	EX_MGlcn134(e)	EX_MGlcn134_rl(e)	EX_MGlcn135(e)	EX_MGlcn135_rl(e)	EX_MGlcn136(e)	EX_MGlcn136_rl(e)	EX_MGlcn137(e)	EX_MGlcn137_rl(e)	EX_MGlcn138(e)	EX_MGlcn138_rl(e)	EX_MGlcn139(e)	EX_MGlcn139_rl(e)	EX_MGlcn13_rl(e)	EX_MGlcn14(e)	EX_MGlcn140(e)	EX_MGlcn140_rl(e)	EX_MGlcn141(e)	EX_MGlcn141_rl(e)	EX_MGlcn142(e)	EX_MGlcn142_rl(e)	EX_MGlcn143(e)	EX_MGlcn143_rl(e)	EX_MGlcn144(e)	EX_MGlcn144_rl(e)	EX_MGlcn145(e)	EX_MGlcn145_rl(e)	EX_MGlcn146(e)	EX_MGlcn146_rl(e)	EX_MGlcn147(e)	EX_MGlcn147_rl(e)	EX_MGlcn148(e)	EX_MGlcn148_rl(e)	EX_MGlcn149(e)	EX_MGlcn149_rl(e)	EX_MGlcn14_rl(e)	EX_MGlcn15(e)	EX_MGlcn150(e)	EX_MGlcn150_rl(e)	EX_MGlcn151(e)	EX_MGlcn151_rl(e)	EX_MGlcn152(e)	EX_MGlcn152_rl(e)	EX_MGlcn153(e)	EX_MGlcn153_rl(e)	EX_MGlcn154(e)	EX_MGlcn154_rl(e)	EX_MGlcn155(e)	EX_MGlcn155_rl(e)	EX_MGlcn156(e)	EX_MGlcn156_rl(e)	EX_MGlcn157(e)	EX_MGlcn157_rl(e)	EX_MGlcn158(e)	EX_MGlcn158_rl(e)	EX_MGlcn159(e)	EX_MGlcn159_rl(e)	EX_MGlcn15_rl(e)	EX_MGlcn16(e)	EX_MGlcn160(e)	EX_MGlcn160_rl(e)	EX_MGlcn161(e)	EX_MGlcn161_rl(e)	EX_MGlcn162(e)	EX_MGlcn162_rl(e)	EX_MGlcn163(e)	EX_MGlcn163_rl(e)	EX_MGlcn164(e)	EX_MGlcn164_rl(e)	EX_MGlcn165(e)	EX_MGlcn165_rl(e)	EX_MGlcn166(e)	EX_MGlcn166_rl(e)	EX_MGlcn167(e)	EX_MGlcn167_rl(e)	EX_MGlcn168(e)	EX_MGlcn168_rl(e)	EX_MGlcn169(e)	EX_MGlcn169_rl(e)	EX_MGlcn16_rl(e)	EX_MGlcn17(e)	EX_MGlcn170(e)	EX_MGlcn170_rl(e)	EX_MGlcn171(e)	EX_MGlcn171_rl(e)	EX_MGlcn172(e)	EX_MGlcn172_rl(e)	EX_MGlcn173(e)	EX_MGlcn173_rl(e)	EX_MGlcn174(e)	EX_MGlcn174_rl(e)	EX_MGlcn175(e)	EX_MGlcn175_rl(e)	EX_MGlcn176(e)	EX_MGlcn176_rl(e)	EX_MGlcn177(e)	EX_MGlcn177_rl(e)	EX_MGlcn178(e)	EX_MGlcn178_rl(e)	EX_MGlcn179(e)	EX_MGlcn179_rl(e)	EX_MGlcn17_rl(e)	EX_MGlcn18(e)	EX_MGlcn180(e)	EX_MGlcn180_rl(e)	EX_MGlcn181(e)	EX_MGlcn181_rl(e)	EX_MGlcn182(e)	EX_MGlcn182_rl(e)	EX_MGlcn183(e)	EX_MGlcn183_rl(e)	EX_MGlcn185(e)	EX_MGlcn185_rl(e)	EX_MGlcn186(e)	EX_MGlcn186_rl(e)	EX_MGlcn187(e)	EX_MGlcn187_rl(e)	EX_MGlcn188(e)	EX_MGlcn188_rl(e)	EX_MGlcn189(e)	EX_MGlcn189_rl(e)	EX_MGlcn18_rl(e)	EX_MGlcn19(e)	EX_MGlcn190(e)	EX_MGlcn190_rl(e)	EX_MGlcn191(e)	EX_MGlcn191_rl(e)	EX_MGlcn192(e)	EX_MGlcn192_rl(e)	EX_MGlcn193(e)	EX_MGlcn193_rl(e)	EX_MGlcn194(e)	EX_MGlcn194_rl(e)	EX_MGlcn195(e)	EX_MGlcn195_rl(e)	EX_MGlcn196(e)	EX_MGlcn196_rl(e)	EX_MGlcn19_rl(e)	EX_MGlcn2(e)	EX_MGlcn20(e)	EX_MGlcn20_rl(e)	EX_MGlcn21(e)	EX_MGlcn21_rl(e)	EX_MGlcn22(e)	EX_MGlcn22_rl(e)	EX_MGlcn23(e)	EX_MGlcn23_rl(e)	EX_MGlcn24(e)	EX_MGlcn24_rl(e)	EX_MGlcn25(e)	EX_MGlcn25_rl(e)	EX_MGlcn26(e)	EX_MGlcn26_rl(e)	EX_MGlcn27(e)	EX_MGlcn27_rl(e)	EX_MGlcn28(e)	EX_MGlcn28_rl(e)	EX_MGlcn29(e)	EX_MGlcn29_rl(e)	EX_MGlcn2_rl(e)	EX_MGlcn3(e)	EX_MGlcn30(e)	EX_MGlcn30_rl(e)	EX_MGlcn31(e)	EX_MGlcn31_rl(e)	EX_MGlcn32(e)	EX_MGlcn32_rl(e)	EX_MGlcn33(e)	EX_MGlcn33_rl(e)	EX_MGlcn34(e)	EX_MGlcn34_rl(e)	EX_MGlcn35(e)	EX_MGlcn35_rl(e)	EX_MGlcn36(e)	EX_MGlcn36_rl(e)	EX_MGlcn37(e)	EX_MGlcn37_rl(e)	EX_MGlcn38(e)	EX_MGlcn38_rl(e)	EX_MGlcn39(e)	EX_MGlcn39_rl(e)	EX_MGlcn3_rl(e)	EX_MGlcn4(e)	EX_MGlcn40(e)	EX_MGlcn40_rl(e)	EX_MGlcn41(e)	EX_MGlcn41_rl(e)	EX_MGlcn42(e)	EX_MGlcn42_rl(e)	EX_MGlcn45(e)	EX_MGlcn45_rl(e)	EX_MGlcn46(e)	EX_MGlcn46_rl(e)	EX_MGlcn47(e)	EX_MGlcn47_rl(e)	EX_MGlcn48(e)	EX_MGlcn48_rl(e)	EX_MGlcn4_rl(e)	EX_MGlcn5(e)	EX_MGlcn50(e)	EX_MGlcn50_rl(e)	EX_MGlcn51(e)	EX_MGlcn51_rl(e)	EX_MGlcn53(e)	EX_MGlcn53_rl(e)	EX_MGlcn54(e)	EX_MGlcn54_rl(e)	EX_MGlcn55(e)	EX_MGlcn55_rl(e)	EX_MGlcn56(e)	EX_MGlcn56_rl(e)	EX_MGlcn57(e)	EX_MGlcn57_rl(e)	EX_MGlcn58(e)	EX_MGlcn58_rl(e)	EX_MGlcn59(e)	EX_MGlcn59_rl(e)	EX_MGlcn5_rl(e)	EX_MGlcn6(e)	EX_MGlcn60(e)	EX_MGlcn60_rl(e)	EX_MGlcn61(e)	EX_MGlcn61_rl(e)	EX_MGlcn62(e)	EX_MGlcn62_rl(e)	EX_MGlcn63(e)	EX_MGlcn63_rl(e)	EX_MGlcn64(e)	EX_MGlcn64_rl(e)	EX_MGlcn65(e)	EX_MGlcn65_rl(e)	EX_MGlcn66(e)	EX_MGlcn66_rl(e)	EX_MGlcn67(e)	EX_MGlcn67_rl(e)	EX_MGlcn68(e)	EX_MGlcn68_rl(e)	EX_MGlcn69(e)	EX_MGlcn69_rl(e)	EX_MGlcn6_rl(e)	EX_MGlcn7(e)	EX_MGlcn70(e)	EX_MGlcn70_rl(e)	EX_MGlcn71(e)	EX_MGlcn71_rl(e)	EX_MGlcn72(e)	EX_MGlcn72_rl(e)	EX_MGlcn73(e)	EX_MGlcn73_rl(e)	EX_MGlcn74(e)	EX_MGlcn74_rl(e)	EX_MGlcn75(e)	EX_MGlcn75_rl(e)	EX_MGlcn76(e)	EX_MGlcn76_rl(e)	EX_MGlcn77(e)	EX_MGlcn77_rl(e)	EX_MGlcn78(e)	EX_MGlcn78_rl(e)	EX_MGlcn79(e)	EX_MGlcn79_rl(e)	EX_MGlcn7_rl(e)	EX_MGlcn8(e)	EX_MGlcn80(e)	EX_MGlcn80_rl(e)	EX_MGlcn81(e)	EX_MGlcn81_rl(e)	EX_MGlcn82(e)	EX_MGlcn82_rl(e)	EX_MGlcn83(e)	EX_MGlcn83_rl(e)	EX_MGlcn84(e)	EX_MGlcn84_rl(e)	EX_MGlcn85(e)	EX_MGlcn85_rl(e)	EX_MGlcn86(e)	EX_MGlcn86_rl(e)	EX_MGlcn87(e)	EX_MGlcn87_rl(e)	EX_MGlcn88(e)	EX_MGlcn88_rl(e)	EX_MGlcn89(e)	EX_MGlcn89_rl(e)	EX_MGlcn8_rl(e)	EX_MGlcn9(e)	EX_MGlcn90(e)	EX_MGlcn90_rl(e)	EX_MGlcn91(e)	EX_MGlcn91_rl(e)	EX_MGlcn92(e)	EX_MGlcn92_rl(e)	EX_MGlcn93(e)	EX_MGlcn93_rl(e)	EX_MGlcn94(e)	EX_MGlcn94_rl(e)	EX_MGlcn95(e)	EX_MGlcn95_rl(e)	EX_MGlcn96(e)	EX_MGlcn96_rl(e)	EX_MGlcn97(e)	EX_MGlcn97_rl(e)	EX_MGlcn98(e)	EX_MGlcn98_rl(e)	EX_MGlcn99(e)	EX_MGlcn99_rl(e)	EX_MGlcn9_rl(e)	EX_Ser_Thr(e)	EX_T_antigen(e)	EX_Tn_antigen(e)	EX_Tyr_ggn(e)	EX_ac(e)	EX_acac(e)	EX_acald(e)	EX_acerA(e)	EX_acgal(e)	EX_acgalglcur(e)	EX_acgalidour(e)	EX_acgalidour2s(e)	EX_acgam(e)	EX_acmana(e)	EX_acnam(e)	EX_acnam2a6agal(e)	EX_actn_R(e)	EX_adchac(e)	EX_ade(e)	EX_adn(e)	EX_adocbl(e)	EX_agal1b3agal(e)	EX_agal1b6agal(e)	EX_agam1b3agal(e)	EX_agam1b6agal(e)	EX_ahcys(e)	EX_akg(e)	EX_ala_D(e)	EX_ala_L(e)	EX_alaasp(e)	EX_alagln(e)	EX_alaglu(e)	EX_alagly(e)	EX_alahis(e)	EX_alaleu(e)	EX_alathr(e)	EX_alchac(e)	EX_alltn(e)	EX_amet(e)	EX_amp(e)	EX_amylopect900(e)	EX_amylose300(e)	EX_apio-D(e)	EX_arab_D(e)	EX_arab_L(e)	EX_arabinan101(e)	EX_arabinogal(e)	EX_arabinoxyl(e)	EX_arabttr(e)	EX_arbt(e)	EX_arg_L(e)	EX_arsenb(e)	EX_asn_L(e)	EX_aso3(e)	EX_aso4(e)	EX_asp_L(e)	EX_bglc(e)	EX_bhb(e)	EX_biomass(e)	EX_btd_RR(e)	EX_btn(e)	EX_btoh(e)	EX_but(e)	EX_butso3(e)	EX_ca2(e)	EX_cbl1(e)	EX_cbl2(e)	EX_cd2(e)	EX_cellb(e)	EX_cellul(e)	EX_cgly(e)	EX_ch4(e)	EX_ch4s(e)	EX_chol(e)	EX_cholate(e)	EX_chols(e)	EX_chor(e)	EX_chsterol(e)	EX_chtbs(e)	EX_cinnm(e)	EX_cit(e)	EX_cl(e)	EX_cmp(e)	EX_co2(e)	EX_coa(e)	EX_cobalt2(e)	EX_coprost(e)	EX_core2(e)	EX_core2_rl(e)	EX_core3(e)	EX_core4(e)	EX_core4_rl(e)	EX_core5(e)	EX_core6(e)	EX_core7(e)	EX_core8(e)	EX_crn(e)	EX_cro4(e)	EX_csn(e)	EX_cspg_a(e)	EX_cspg_a_degr(e)	EX_cspg_ab_rest(e)	EX_cspg_b(e)	EX_cspg_b_degr(e)	EX_cspg_c(e)	EX_cspg_c_degr(e)	EX_cspg_c_rest(e)	EX_ctbt(e)	EX_cu2(e)	EX_cynt(e)	EX_cys_L(e)	EX_cytd(e)	EX_dad_2(e)	EX_datp(e)	EX_dchac(e)	EX_dcyt(e)	EX_ddca(e)	EX_dextran40(e)	EX_dextrin(e)	EX_dgchol(e)	EX_dgsn(e)	EX_dhcinnm(e)	EX_dhpppn(e)	EX_diact(e)	EX_din(e)	EX_dms(e)	EX_dmso(e)	EX_dopa(e)	EX_dpcoa(e)	EX_drib(e)	EX_dsT_antigen(e)	EX_dsT_antigen_rl(e)	EX_dtmp(e)	EX_dttp(e)	EX_duri(e)	EX_etha(e)	EX_ethso3(e)	EX_etoh(e)	EX_f1a(e)	EX_f1a_rl(e)	EX_fald(e)	EX_fe2(e)	EX_fe3(e)	EX_fecrm(e)	EX_fol(e)	EX_for(e)	EX_fru(e)	EX_fuc1p_L(e)	EX_fuc_L(e)	EX_fum(e)	EX_g6p(e)	EX_gal(e)	EX_gal1a3acgal(e)	EX_gal1b3acgal(e)	EX_galct_D(e)	EX_galctn_D(e)	EX_galmannan(e)	EX_galt(e)	EX_galur(e)	EX_gam(e)	EX_gam26s(e)	EX_gbbtn(e)	EX_gcald(e)	EX_gchola(e)	EX_glc_D(e)	EX_glcmannan(e)	EX_glcn(e)	EX_glcr(e)	EX_glctnb(e)	EX_glcur(e)	EX_gln_L(e)	EX_glu_L(e)	EX_glutar(e)	EX_gly(e)	EX_glyasn(e)	EX_glyasp(e)	EX_glyb(e)	EX_glyc(e)	EX_glyc3p(e)	EX_glyclt(e)	EX_glycys(e)	EX_glygln(e)	EX_glyglu(e)	EX_glygn2(e)	EX_glygn4(e)	EX_glygn5(e)	EX_glyleu(e)	EX_glymet(e)	EX_glyphe(e)	EX_glypro(e)	EX_glytyr(e)	EX_gncore1(e)	EX_gncore1_rl(e)	EX_gncore2(e)	EX_gncore2_rl(e)	EX_gsn(e)	EX_gthox(e)	EX_gthrd(e)	EX_gtp(e)	EX_gua(e)	EX_h(e)	EX_h2(e)	EX_h2o(e)	EX_h2o2(e)	EX_h2s(e)	EX_ha(e)	EX_ha_deg1(e)	EX_ha_pre1(e)	EX_hco3(e)	EX_hdca(e)	EX_hexs(e)	EX_hg2(e)	EX_his_L(e)	EX_hista(e)	EX_hom_L(e)	EX_homogal(e)	EX_hspg(e)	EX_hspg_degr_1(e)	EX_hspg_degr_10(e)	EX_hspg_degr_11(e)	EX_hspg_degr_12(e)	EX_hspg_degr_13(e)	EX_hspg_degr_14(e)	EX_hspg_degr_15(e)	EX_hspg_degr_2(e)	EX_hspg_degr_3(e)	EX_hspg_degr_4(e)	EX_hspg_degr_5(e)	EX_hspg_degr_6(e)	EX_hspg_degr_7(e)	EX_hspg_degr_8(e)	EX_hspg_degr_9(e)	EX_hspg_rest(e)	EX_hxan(e)	EX_icdchol(e)	EX_icit[e]	EX_idon_L(e)	EX_idour(e)	EX_ile_L(e)	EX_ind3ac(e)	EX_ind3ppa(e)	EX_indole(e)	EX_indprp(e)	EX_inost(e)	EX_ins(e)	EX_inulin(e)	EX_isetac(e)	EX_isobut(e)	EX_isocapr(e)	EX_isochol(e)	EX_isoprene(e)	EX_isoval(e)	EX_k(e)	EX_kdo(e)	EX_kesto(e)	EX_kestopt(e)	EX_kestottr(e)	EX_lac_D(e)	EX_lac_L(e)	EX_lald_L(e)	EX_lanost(e)	EX_lctnb(e)	EX_lcts(e)	EX_leu_L(e)	EX_levan1000(e)	EX_levanb(e)	EX_levanttr(e)	EX_levantttr(e)	EX_lichn(e)	EX_lmn2(e)	EX_lmn30(e)	EX_lys_L(e)	EX_lyx_L(e)	EX_mal_L(e)	EX_malt(e)	EX_malthx(e)	EX_malttr(e)	EX_man(e)	EX_man6p(e)	EX_mannan(e)	EX_mantr(e)	EX_melib(e)	EX_meoh(e)	EX_met_D(e)	EX_met_L(e)	EX_metala(e)	EX_metsox_R_L(e)	EX_metsox_S_L(e)	EX_mg2(e)	EX_mn2(e)	EX_mnl(e)	EX_mobd(e)	EX_mops(e)	EX_mqn7(e)	EX_mqn8(e)	EX_mso3(e)	EX_n2(e)	EX_n2o(e)	EX_na1(e)	EX_nac(e)	EX_nadp(e)	EX_ncam(e)	EX_nh4(e)	EX_ni2(e)	EX_nmn(e)	EX_no(e)	EX_no2(e)	EX_no3(e)	EX_o2(e)	EX_oaa(e)	EX_ocdca(e)	EX_ocdcea(e)	EX_orn(e)	EX_oxa(e)	EX_pac(e)	EX_pb(e)	EX_pcresol(e)	EX_pect(e)	EX_pecticgal(e)	EX_ph2s(e)	EX_phe_L(e)	EX_pheme(e)	EX_phenol(e)	EX_phppa(e)	EX_phpyr(e)	EX_pi(e)	EX_pime(e)	EX_pnto_R(e)	EX_ppa(e)	EX_ppi(e)	EX_pppn(e)	EX_pro_L(e)	EX_ptrc(e)	EX_pullulan1200(e)	EX_pydam(e)	EX_pydx(e)	EX_pydxn(e)	EX_pyr(e)	EX_q8(e)	EX_r34hpp(e)	EX_raffin(e)	EX_rbflvrd(e)	EX_rhamnogalurI(e)	EX_rhamnogalurII(e)	EX_rib_D(e)	EX_ribflv(e)	EX_rmn(e)	EX_sT_antigen(e)	EX_sT_antigen_rl(e)	EX_sTn_antigen(e)	EX_salcn(e)	EX_sbt_D(e)	EX_sbt_L(e)	EX_sel(e)	EX_selni(e)	EX_ser_D(e)	EX_ser_L(e)	EX_sheme(e)	EX_so3(e)	EX_so4(e)	EX_spmd(e)	EX_srtn(e)	EX_starch1200(e)	EX_strch1(e)	EX_strch2(e)	EX_stys(e)	EX_succ(e)	EX_sucr(e)	EX_sulfac(e)	EX_taur(e)	EX_tchola(e)	EX_tdchola(e)	EX_tet(e)	EX_thf(e)	EX_thm(e)	EX_thmmp(e)	EX_thr_L(e)	EX_thymd(e)	EX_tma(e)	EX_tmao(e)	EX_tre(e)	EX_trp_L(e)	EX_trypta(e)	EX_tsul(e)	EX_ttdca(e)	EX_tym(e)	EX_tyr_L(e)	EX_uchol(e)	EX_ura(e)	EX_urea(e)	EX_uri(e)	EX_val_L(e)	EX_xan(e)	EX_xtsn(e)	EX_xyl_D(e)	EX_xylan(e)	EX_xyluglc(e)	EX_zn2(e)	dreplication	pbiosynthesis	rtranscription	sink_PGPm1[c]	sink_dmbzid	sink_gthrd(c)	sink_mqn7(c)	sink_mqn8(c)	sink_pheme(c)	sink_q8(c)	sink_s	sink_sheme(c)
Fatty acid oxidation	ACACT2r	ACACT3r	ACACT4r	ACACT5r	ACACT6r	ACACT7r	ACCOAC	ACCOAC2	ACOATA	BBTCOAOX	CRNBTCT	CRNCBCT	FA120ACPH	FA180ACPHrev	FA80ACPHi	FACOAE160	FACOAE180	FACOAE181	MCOATA
Fatty acid synthesis	3HAD100	3HAD10M11	3HAD10M12	3HAD11M12	3HAD120	3HAD121	3HAD12M13	3HAD12M14	3HAD13M14	3HAD140	3HAD141	3HAD14M15	3HAD14M16	3HAD15M16	3HAD160	3HAD161	3HAD180	3HAD181	3HAD40	3HAD4M5	3HAD4M6	3HAD5M6	3HAD60	3HAD6M7	3HAD6M8	3HAD7M8	3HAD80	3HAD8M10	3HAD8M9	3HAD9M10	3OAR100	3OAR10M11	3OAR10M12	3OAR11M12	3OAR120	3OAR12M13	3OAR12M14	3OAR13M14	3OAR140	3OAR141	3OAR14M15	3OAR14M16	3OAR15M16	3OAR160	3OAR180	3OAR40	3OAR4M5	3OAR4M6	3OAR5M6	3OAR60	3OAR6M7	3OAR6M8	3OAR7M8	3OAR80	3OAR8M10	3OAR8M9	3OAR9M10	3OAS100	3OAS10M11	3OAS10M12	3OAS11M12	3OAS120	3OAS121	3OAS12M13	3OAS12M14	3OAS13M14	3OAS140	3OAS141	3OAS160	3OAS161	3OAS180	3OAS181	3OAS2M3	3OAS3M4	3OAS4M3O6	3OAS4M5	3OAS4M6	3OAS5M6	3OAS60	3OAS6M7	3OAS6M8	3OAS7M8	3OAS80	3OAS8M10	3OAS8M9	3OAS9M10	AACPS1	AACPS6	AACPS7	ACOAD3rev	ACOAD4rev	ACOAD5rev	ACOAD6rev	ACOAD7i	ACPACT	C180SN	C180SNrev	EAR100x	EAR100y	EAR10M11	EAR10M11x	EAR10M12	EAR10M12x	EAR11M12	EAR11M12x	EAR120x	EAR120y	EAR121x	EAR12M13	EAR12M13x	EAR12M14	EAR12M14x	EAR13M14	EAR13M14x	EAR140x	EAR140y	EAR141x	EAR14M15	EAR14M15x	EAR14M16	EAR14M16x	EAR15M16	EAR15M16x	EAR160x	EAR160y	EAR161x	EAR180x	EAR180y	EAR181x	EAR40x	EAR40y	EAR4M5	EAR4M5x	EAR4M6	EAR4M6x	EAR5M6	EAR5M6x	EAR60x	EAR60y	EAR6M7	EAR6M7x	EAR6M8	EAR6M8x	EAR7M8	EAR7M8x	EAR80x	EAR80y	EAR8M10	EAR8M10x	EAR8M9	EAR8M9x	EAR9M10	EAR9M10x	ECOAH1	ECOAH12	ECOAH1R	ECOAH2	ECOAH3	ECOAH4	ECOAH5	ECOAH6	ECOAH7	ECOAH9	FACOAL140	FACOAL160	FACOAL160i	FACOAL161	FACOAL180	FACOAL180i	FACOAL181	FACOAL181i	FACOALAI15	FACOALAI17	FACOALI14	FACOALI15	FACOALI16	FACOALI17	FACOALib	FACOALiv	FAS140ACPrev	HACD1	HACD2	HACD3	HACD4	HACD5	HACD6	HACD7	HACD9	HADPCOADH3	KAS13	KAS14	KAS16	KAS17rev	KAS_HP	RE0577C	r1314	r1315
Folate metabolism	ADCL	ADCS	AKP1	DAPMDH	DHFOR2	DHFR	DHFS	DHNPA	DHNPA2	DHPS	DHPS2	DNMPPA	DNTPPA	FOLD3	FOLR3	FOLRrev	FOMETR	FORTHFC	FPGS	FPGS7	FPGS_tm	FTCD	FTHFCL	FTHFD	FTHFL	GLUFORT	GLYCL	HPPK	HPPK2	METFR	MTHFC	MTHFD	MTHFD2	r0120	r0708	r0775	r0777	r0792
Fructose and mannose metabolism	ALGD	F6PE4PL	FBA2	FCI	FCLK	FCLPA	FK	GFUCS	GMAND	HEX4	HEX7	KHK	LFOR	M1PD	MAN1PT	MAN1PT2	MAN6PI	MANAD_D	MNLP	PFK26	PMANM	RMI	RMK	RMPA	SBTD_D2	SBTPD	SRBL1PR	TRIOK	XYLI2	r0191
Galactose metabolism	6PGALSZ	6PGALSZ2i	DDGALK	DDPGALA	GAL6PI	GALCTND	GALK	GALT	GALU	GALUi	GLTPD	LACZ	TGBPA	UDPG4E	UGLT
Glutamate metabolism	3MASPL	ABTA	ABTAr	ALATA_D	ALATA_L	GLNS	GLUDC	GLUDxi	GLUDy	GLUM	GLUN	GLUOX	GLUR	GLUSx	GLUSy	MESCONH	P5CD	PUTA3
Glutathione metabolism	5GLUP5T1	5GLUP5T2	AMPTASECG	GGTA	GLUCYS	GTHP	GTHRD	GTHS	OPAHir
Glycerophospholipid metabolism	13PPDHr	2MBCOATA	ACOAAGPAT140	ACOAAGPAT160	ACOAAGPAT180	ACOAAGPATAI15	ACOAAGPATAI17	ACOAAGPATI14	ACOAAGPATI15	ACOAAGPATI16	ACOAAGPATI17	AGPAT120	AGPAT140	AGPAT141	AGPAT160	AGPAT161	AGPAT180	AGPAT181	AHCYSNS	AIHDUDPMG	AIHDUPDG	AIHPDCOATA	AIPDCOATA	AIPDUDPG	AIPDUDPMG	ALKP	APAT	CDAPPA120	CDAPPA140	CDAPPA141	CDAPPA160	CDAPPA161	CDAPPA180	CDAPPA181	CHCOAL	CHOLK	CLPNH180	CLPNS140	CLPNS160	CLPNS180	CLPNSAI15	CLPNSAI17	CLPNSI14	CLPNSI15	CLPNSI16	CLPNSI17	DAGK120	DAGK140	DAGK141	DAGK160	DAGK161	DAGK180	DAGK181	DASYN120	DASYN140	DASYN141	DASYN160	DASYN161	DASYN180	DASYN181	DASYNAI15	DASYNAI17	DASYNI14	DASYNI15	DASYNI16	DASYNI17	DHAK	G3PAT120	G3PAT140	G3PAT141	G3PAT160	G3PAT161	G3PAT180	G3PAT181	G3PATAI15	G3PATAI17	G3PATI14	G3PATI15	G3PATI16	G3PATI17	G3PCT	G3PD1	G3PD2	G3PD5	G3PD6	G3PD7	G3PD8	G3PD8i	G3PO	GLYCDH	GLYCDx	GLYH	GLYK	GPDDA1	GPDDA2	GPDDA4	IAHDGK	IAPDGK	IBCOATA	IHDCOATA	IHDGK	IHPDCOATA	IHXDGK	IPDCOATA	IPDGK	ITDCOATA	ITDGK	IVCOATA	LPLIPAL1A120	LPLIPAL1A140	LPLIPAL1A141	LPLIPAL1A160	LPLIPAL1A161	LPLIPAL1A180	LPLIPAL1A181	LPLIPAL1E120	LPLIPAL1E140	LPLIPAL1E141	LPLIPAL1E160	LPLIPAL1E161	LPLIPAL1E180	LPLIPAL1E181	LPLIPAL1G120	LPLIPAL1G140	LPLIPAL1G141	LPLIPAL1G160	LPLIPAL1G161	LPLIPAL1G180	LPLIPAL1G181	LPLIPAL2A120	LPLIPAL2A140	LPLIPAL2A141	LPLIPAL2A160	LPLIPAL2A161	LPLIPAL2A180	LPLIPAL2A181	LPLIPAL2E120	LPLIPAL2E140	LPLIPAL2E141	LPLIPAL2E160	LPLIPAL2E161	LPLIPAL2E180	LPLIPAL2E181	LPLIPAL2G120	LPLIPAL2G140	LPLIPAL2G141	LPLIPAL2G160	LPLIPAL2G161	LPLIPAL2G180	LPLIPAL2G181	MALACPS	PAAI17P	PAI17P	PAPA180	PETHCT	PGPP120	PGPP140	PGPP141	PGPP160	PGPP161	PGPP180	PGPP181	PGPPAI15	PGPPAI17	PGPPI14	PGPPI15	PGPPI16	PGPPI17	PGSA120	PGSA140	PGSA141	PGSA160	PGSA161	PGSA180	PGSA181	PGSAAI15	PGSAAI17	PGSAI14	PGSAI15	PGSAI16	PGSAI17	PLIPA1A120	PLIPA1A140	PLIPA1A141	PLIPA1A160	PLIPA1A161	PLIPA1A180	PLIPA1A181	PLIPA1E120	PLIPA1E140	PLIPA1E141	PLIPA1E160	PLIPA1E161	PLIPA1E180rev	PLIPA1E181	PLIPA1G120	PLIPA1G140	PLIPA1G141	PLIPA1G160	PLIPA1G161	PLIPA1G180	PLIPA1G181	PLIPA2A120	PLIPA2A140	PLIPA2A141	PLIPA2A160	PLIPA2A161	PLIPA2A180	PLIPA2A181	PLIPA2E120	PLIPA2E140	PLIPA2E141	PLIPA2E160	PLIPA2E161	PLIPA2E180	PLIPA2E181	PLIPA2G120	PLIPA2G140	PLIPA2G141	PLIPA2G160	PLIPA2G161	PLIPA2G180	PLIPA2G181	PMTCOATA	PSD120	PSD140	PSD141	PSD160	PSD161	PSD180	PSD181	PSDAI15	PSDAI17	PSDI14	PSDI15	PSDI16	PSDI17	PSSA120	PSSA140	PSSA141	PSSA160	PSSA161	PSSA180	PSSA181	PSSAAI15	PSSAAI17	PSSAI14	PSSAI15	PSSAI16	PSSAI17	STCOATA	TDCOATA
Glycine, serine, alanine, and threonine metabolism	AACTOOR	ALAS	AOBUTDs	APPLDH	ASAD	ASPK	ASPKi	BETALDHx	BETALDHy	BHMT	CHOLD	CHOLOX	CHOLSH	CYSTS2	D_PROHOX	GCCa	GCCb	GCCc	GHMT2	GHMT2r	GLYAT	GLYD	GLYDy	HPYRR3x	HSDx	HSDy	HSK	OBDHc	PGCDr	PSERT	PSP_D	PSP_L	SARCOX	SERD_D	SPTc	THRAi	THRAr	THRD	THRD_L	THRS
Glycolysis/gluconeogenesis	6PHBG	6PHBG2	AB6PGH	AB6PGH2	ACCOAL2	ACS	ACYP	ALCD2x	ALCD2y	ALDD2x	ALDD8x	BGLA1	DPGM	D_GLY3PRi	ENO	FBA	FBP	FRUK	FRUP	G1PP	G1PPi	G6PI	G6PI3	GALM1r	GAPD	GAPD_NADP	GLGC	GLKKpppi	HEX1	HEXb	LDH_L	PDHa	PDHbr	PDHc	PEPCK	PFK	PFK(ppi)	PFK_2	PGI	PGK	PGM	PGMT	PGMT2	PPDK	PPS	PYK	THMPPC	TPI	r0122	r0153	r0165	r0280	r0413
Glyoxylate and dicarboxylate metabolism	3HBCOAOX	FBA4	FDH	FORAMD	FORMCOAT	GCALDD	GCALDDr	GCALDL	GLFRDO	GLFRDOi	GLXCL	GLXO1	GLXS	GLYCK2	GLYCLTDx	GLYCLTDxr	GLYCLTDy	GLYCTO1	GLYCTO2	GLYCTO3	GLYCTO4	HPYRI	KHK2	LCARS	MCAL	PGLYCP	TARCGLYL	TARCGLYLi	TARTD	TARTRDH	TARTRDH2	TRSARr	TRSARry
Heme synthesis	CPPPGO	FCLTc	G1SAT	HEMEOS	HMBS	PPBNGS	PPPH	UPP3S	UPPDC1	UPPDC2b
Heparan sulfate degradation	AS3TASE_HS1	AS3TASE_HS2	AS6TASE_HS1	AS6TASE_HS2	GALASE_HSe	GAM2STASE_HS1	GAM2STASE_HS2	GAM2STASE_HS3	GLCAASE_HSe	GLCNACASE_HS1	GLCNACASE_HS2	HEPARL1_e	IDOURASE_HS1	IDOURASE_HS2	IDOURASE_HS3	IS2TASE_HS1
Histidine metabolism	ATPPRT	FGLU	GluForTx	HISD	HISDC	HISTD	HISTDOX	HISTLOX	HISTP	HSTPTr	IG3PS	IGPDH	IMACTD	INHINDH	IZPN	NFLGLNH	NFORGLUAH	PRAMPC	PRATPP	PRMICI	URCN
Hyaluronan metabolism	GLCAASE8e	GLCAASE9e	NACHEX27e
Inositol phosphate metabolism	2INSD	5DGCLURI	D5KGK	D5KGPA	DKDID	DKDID2	INOSTO	INS2D	MI1PI	MI1PP	MI3PP	MI4PP
Lipoate metabolism	RE1944C
Lipopolysaccharide biosynthesis	AGMHE	CDOSKT	EDTXS1	EDTXS2	GALT1	GLCTR1	GLCTR2	GLCTR3	GLCTR4r	GMHEPAT	GMHEPK	GMHEPPA	HEPK1	HEPK2	HEPT1	HEPT2	HEPT3	HEPT4	KDOCT2	KDOPP	KDOPSr	KDOS	LPADSS	MOAT	MOAT3C	RHAT1	S7PIr	TDPDRRr	TDSK	U23GAAT	UHGADA	USHD
Lysine metabolism	1PPDCRx	1PPDCRy	26DAPLLAT	26DAPLLATi	35DACAPDH	36DAHXI	3ABUTCOAL	AADPSAEDH	AADPSAEDH2	AATAi	ACCOALYS1	ACCOALYS2	ACCOALYS3	ACEDIPIT	ACLYSHYc	AOXHEXCYCL	APENTAMAH	APTNAT	DAPAT	DAPDA	DAPDAi	DAPDC	DAPDH	DAPE	DHDPRy	DHDPRyr	DHDPS	GLCOAS	HACNH	HCITS	L2A6OD2s	L2A6ODs	L2AADIPADOR	L2AADIPADOR2	L2AADPI	LPCDH	LPCOX	LYS2OX	LYSAM	LYSDC	OXPTNDH	PPRDNDH	SACCD2	SACCRPOR	SDPDS	SDPTA	THDPS	r0594
Methane metabolism	5FMFURT	6P3HXI	AB6P3HXLL	ALDD1	COBCOMOX	COF420H	COF420_NADP_OX	FALDH2	FMFUROr	MCMMT	MCOMR	MCOX	MCOX2	MH4MPTMT	MPHZEH	MTTH4MPTH	PSLACL	SHMGTyOX
Methionine and cysteine metabolism	5MTHCYST	AHC	AHCYSNS_r	AHSERL2	AHSERL3	AMETDNAMT	CYSDS	CYSR	CYSS	CYSS3r	CYSTA	CYSTGL	CYSTL	CYSTS	CYSTS_H2S	DCYSDS	DKMPPD2	DKMPPD3	HCYSMT	HCYSMT2	HKMPPI	HSERTA	HSST	MCLOR	MCPST	MCPST_H2S	METAT	METB1	METGL	METS	METSr	MTHPTGHM	RE3009C	RHC	RHCCE	SERATi	SHSL1	SHSL1r	SHSL2	SHSL4r	SULFR	SULR	UNK3	r0060
Miscellaneous	ALCD1	H202D	H2CO3D	PPA2	PRDX
Mucin O-glycan degradation	AGALASE_OGLYCAN10e	AGALASE_OGLYCAN11e	AGALASE_OGLYCAN12e	AGALASE_OGLYCAN13e	AGALASE_OGLYCAN14e	AGALASE_OGLYCAN15e	AGALASE_OGLYCAN16e	AGALASE_OGLYCAN17e	AGALASE_OGLYCAN18e	AGALASE_OGLYCAN19e	AGALASE_OGLYCAN1e	AGALASE_OGLYCAN20e	AGALASE_OGLYCAN21e	AGALASE_OGLYCAN22e	AGALASE_OGLYCAN23e	AGALASE_OGLYCAN24e	AGALASE_OGLYCAN25e	AGALASE_OGLYCAN26e	AGALASE_OGLYCAN27e	AGALASE_OGLYCAN28e	AGALASE_OGLYCAN29e	AGALASE_OGLYCAN2e	AGALASE_OGLYCAN30e	AGALASE_OGLYCAN31e	AGALASE_OGLYCAN32e	AGALASE_OGLYCAN33e	AGALASE_OGLYCAN34e	AGALASE_OGLYCAN35e	AGALASE_OGLYCAN36e	AGALASE_OGLYCAN37e	AGALASE_OGLYCAN38e	AGALASE_OGLYCAN39e	AGALASE_OGLYCAN3e	AGALASE_OGLYCAN40e	AGALASE_OGLYCAN41e	AGALASE_OGLYCAN42e	AGALASE_OGLYCAN43e	AGALASE_OGLYCAN44e	AGALASE_OGLYCAN45e	AGALASE_OGLYCAN46e	AGALASE_OGLYCAN47e	AGALASE_OGLYCAN48e	AGALASE_OGLYCAN49e	AGALASE_OGLYCAN4e	AGALASE_OGLYCAN50e	AGALASE_OGLYCAN51e	AGALASE_OGLYCAN52e	AGALASE_OGLYCAN53e	AGALASE_OGLYCAN54e	AGALASE_OGLYCAN55e	AGALASE_OGLYCAN56e	AGALASE_OGLYCAN57e	AGALASE_OGLYCAN58e	AGALASE_OGLYCAN59e	AGALASE_OGLYCAN5e	AGALASE_OGLYCAN60e	AGALASE_OGLYCAN61e	AGALASE_OGLYCAN62e	AGALASE_OGLYCAN63e	AGALASE_OGLYCAN64e	AGALASE_OGLYCAN65e	AGALASE_OGLYCAN66e	AGALASE_OGLYCAN67e	AGALASE_OGLYCAN68e	AGALASE_OGLYCAN69e	AGALASE_OGLYCAN6e	AGALASE_OGLYCAN70e	AGALASE_OGLYCAN71e	AGALASE_OGLYCAN72e	AGALASE_OGLYCAN73e	AGALASE_OGLYCAN74e	AGALASE_OGLYCAN75e	AGALASE_OGLYCAN76e	AGALASE_OGLYCAN77e	AGALASE_OGLYCAN78e	AGALASE_OGLYCAN79e	AGALASE_OGLYCAN7e	AGALASE_OGLYCAN8e	AGALASE_OGLYCAN9e	AGALNACASE_OGLYCAN100e	AGALNACASE_OGLYCAN101e	AGALNACASE_OGLYCAN102e	AGALNACASE_OGLYCAN103e	AGALNACASE_OGLYCAN104e	AGALNACASE_OGLYCAN105e	AGALNACASE_OGLYCAN106e	AGALNACASE_OGLYCAN107e	AGALNACASE_OGLYCAN108e	AGALNACASE_OGLYCAN109e	AGALNACASE_OGLYCAN10e	AGALNACASE_OGLYCAN110e	AGALNACASE_OGLYCAN111e	AGALNACASE_OGLYCAN112e	AGALNACASE_OGLYCAN113e	AGALNACASE_OGLYCAN114e	AGALNACASE_OGLYCAN115e	AGALNACASE_OGLYCAN116e	AGALNACASE_OGLYCAN117e	AGALNACASE_OGLYCAN118e	AGALNACASE_OGLYCAN119e	AGALNACASE_OGLYCAN11e	AGALNACASE_OGLYCAN120e	AGALNACASE_OGLYCAN121e	AGALNACASE_OGLYCAN122e	AGALNACASE_OGLYCAN123e	AGALNACASE_OGLYCAN124e	AGALNACASE_OGLYCAN125e	AGALNACASE_OGLYCAN126e	AGALNACASE_OGLYCAN127e	AGALNACASE_OGLYCAN128e	AGALNACASE_OGLYCAN129e	AGALNACASE_OGLYCAN12e	AGALNACASE_OGLYCAN130e	AGALNACASE_OGLYCAN131e	AGALNACASE_OGLYCAN132e	AGALNACASE_OGLYCAN133e	AGALNACASE_OGLYCAN134e	AGALNACASE_OGLYCAN135e	AGALNACASE_OGLYCAN136e	AGALNACASE_OGLYCAN137e	AGALNACASE_OGLYCAN138e	AGALNACASE_OGLYCAN139e	AGALNACASE_OGLYCAN13e	AGALNACASE_OGLYCAN140e	AGALNACASE_OGLYCAN141e	AGALNACASE_OGLYCAN142e	AGALNACASE_OGLYCAN143e	AGALNACASE_OGLYCAN14e	AGALNACASE_OGLYCAN15e	AGALNACASE_OGLYCAN16e	AGALNACASE_OGLYCAN17e	AGALNACASE_OGLYCAN18e	AGALNACASE_OGLYCAN19e	AGALNACASE_OGLYCAN1e	AGALNACASE_OGLYCAN20e	AGALNACASE_OGLYCAN21e	AGALNACASE_OGLYCAN22e	AGALNACASE_OGLYCAN23e	AGALNACASE_OGLYCAN24e	AGALNACASE_OGLYCAN25e	AGALNACASE_OGLYCAN26e	AGALNACASE_OGLYCAN27e	AGALNACASE_OGLYCAN28e	AGALNACASE_OGLYCAN29e	AGALNACASE_OGLYCAN2e	AGALNACASE_OGLYCAN30e	AGALNACASE_OGLYCAN31e	AGALNACASE_OGLYCAN32e	AGALNACASE_OGLYCAN33e	AGALNACASE_OGLYCAN34e	AGALNACASE_OGLYCAN35e	AGALNACASE_OGLYCAN36e	AGALNACASE_OGLYCAN37e	AGALNACASE_OGLYCAN38e	AGALNACASE_OGLYCAN39e	AGALNACASE_OGLYCAN3e	AGALNACASE_OGLYCAN40e	AGALNACASE_OGLYCAN41e	AGALNACASE_OGLYCAN42e	AGALNACASE_OGLYCAN43e	AGALNACASE_OGLYCAN44e	AGALNACASE_OGLYCAN45e	AGALNACASE_OGLYCAN46e	AGALNACASE_OGLYCAN47e	AGALNACASE_OGLYCAN48e	AGALNACASE_OGLYCAN49e	AGALNACASE_OGLYCAN4e	AGALNACASE_OGLYCAN50e	AGALNACASE_OGLYCAN51e	AGALNACASE_OGLYCAN52e	AGALNACASE_OGLYCAN53e	AGALNACASE_OGLYCAN54e	AGALNACASE_OGLYCAN55e	AGALNACASE_OGLYCAN56e	AGALNACASE_OGLYCAN57e	AGALNACASE_OGLYCAN58e	AGALNACASE_OGLYCAN59e	AGALNACASE_OGLYCAN5e	AGALNACASE_OGLYCAN60e	AGALNACASE_OGLYCAN61e	AGALNACASE_OGLYCAN62e	AGALNACASE_OGLYCAN63e	AGALNACASE_OGLYCAN64e	AGALNACASE_OGLYCAN65e	AGALNACASE_OGLYCAN66e	AGALNACASE_OGLYCAN67e	AGALNACASE_OGLYCAN68e	AGALNACASE_OGLYCAN69e	AGALNACASE_OGLYCAN6e	AGALNACASE_OGLYCAN70e	AGALNACASE_OGLYCAN71e	AGALNACASE_OGLYCAN72e	AGALNACASE_OGLYCAN73e	AGALNACASE_OGLYCAN74e	AGALNACASE_OGLYCAN75e	AGALNACASE_OGLYCAN76e	AGALNACASE_OGLYCAN77e	AGALNACASE_OGLYCAN78e	AGALNACASE_OGLYCAN79e	AGALNACASE_OGLYCAN7e	AGALNACASE_OGLYCAN80e	AGALNACASE_OGLYCAN81e	AGALNACASE_OGLYCAN82e	AGALNACASE_OGLYCAN83e	AGALNACASE_OGLYCAN84e	AGALNACASE_OGLYCAN85e	AGALNACASE_OGLYCAN86e	AGALNACASE_OGLYCAN87e	AGALNACASE_OGLYCAN88e	AGALNACASE_OGLYCAN89e	AGALNACASE_OGLYCAN8e	AGALNACASE_OGLYCAN90e	AGALNACASE_OGLYCAN91e	AGALNACASE_OGLYCAN92e	AGALNACASE_OGLYCAN93e	AGALNACASE_OGLYCAN94e	AGALNACASE_OGLYCAN95e	AGALNACASE_OGLYCAN96e	AGALNACASE_OGLYCAN97e	AGALNACASE_OGLYCAN98e	AGALNACASE_OGLYCAN99e	AGALNACASE_OGLYCAN9e	AGLCNACASE_OGLYCAN1e	AGLCNACASE_OGLYCAN2e	AGLCNACASE_OGLYCAN3e	AGLCNACASE_OGLYCAN4e	AGLCNACASE_OGLYCAN5e	AGLCNACASE_OGLYCAN6e	AGLCNACASE_OGLYCAN7e	AGLCNACASE_OGLYCAN8e	BGALASE_OGLYCAN100e	BGALASE_OGLYCAN101e	BGALASE_OGLYCAN102e	BGALASE_OGLYCAN103e	BGALASE_OGLYCAN104e	BGALASE_OGLYCAN105e	BGALASE_OGLYCAN106e	BGALASE_OGLYCAN107e	BGALASE_OGLYCAN108e	BGALASE_OGLYCAN109e	BGALASE_OGLYCAN10e	BGALASE_OGLYCAN110e	BGALASE_OGLYCAN111e	BGALASE_OGLYCAN112e	BGALASE_OGLYCAN113e	BGALASE_OGLYCAN114e	BGALASE_OGLYCAN115e	BGALASE_OGLYCAN116e	BGALASE_OGLYCAN117e	BGALASE_OGLYCAN118e	BGALASE_OGLYCAN119e	BGALASE_OGLYCAN11e	BGALASE_OGLYCAN120e	BGALASE_OGLYCAN121e	BGALASE_OGLYCAN122e	BGALASE_OGLYCAN123e	BGALASE_OGLYCAN124e	BGALASE_OGLYCAN125e	BGALASE_OGLYCAN126e	BGALASE_OGLYCAN127e	BGALASE_OGLYCAN128e	BGALASE_OGLYCAN129e	BGALASE_OGLYCAN12e	BGALASE_OGLYCAN130e	BGALASE_OGLYCAN131e	BGALASE_OGLYCAN132e	BGALASE_OGLYCAN133e	BGALASE_OGLYCAN134e	BGALASE_OGLYCAN135e	BGALASE_OGLYCAN136e	BGALASE_OGLYCAN137e	BGALASE_OGLYCAN138e	BGALASE_OGLYCAN139e	BGALASE_OGLYCAN13e	BGALASE_OGLYCAN140e	BGALASE_OGLYCAN141e	BGALASE_OGLYCAN142e	BGALASE_OGLYCAN143e	BGALASE_OGLYCAN144e	BGALASE_OGLYCAN145e	BGALASE_OGLYCAN146e	BGALASE_OGLYCAN147e	BGALASE_OGLYCAN148e	BGALASE_OGLYCAN149e	BGALASE_OGLYCAN14e	BGALASE_OGLYCAN150e	BGALASE_OGLYCAN15e	BGALASE_OGLYCAN16e	BGALASE_OGLYCAN17e	BGALASE_OGLYCAN18e	BGALASE_OGLYCAN19e	BGALASE_OGLYCAN1e	BGALASE_OGLYCAN20e	BGALASE_OGLYCAN21e	BGALASE_OGLYCAN22e	BGALASE_OGLYCAN23e	BGALASE_OGLYCAN24e	BGALASE_OGLYCAN25e	BGALASE_OGLYCAN26e	BGALASE_OGLYCAN27e	BGALASE_OGLYCAN28e	BGALASE_OGLYCAN29e	BGALASE_OGLYCAN2e	BGALASE_OGLYCAN30e	BGALASE_OGLYCAN31e	BGALASE_OGLYCAN32e	BGALASE_OGLYCAN33e	BGALASE_OGLYCAN34e	BGALASE_OGLYCAN35e	BGALASE_OGLYCAN36e	BGALASE_OGLYCAN37e	BGALASE_OGLYCAN38e	BGALASE_OGLYCAN39e	BGALASE_OGLYCAN3e	BGALASE_OGLYCAN40e	BGALASE_OGLYCAN41e	BGALASE_OGLYCAN42e	BGALASE_OGLYCAN43e	BGALASE_OGLYCAN44e	BGALASE_OGLYCAN45e	BGALASE_OGLYCAN46e	BGALASE_OGLYCAN47e	BGALASE_OGLYCAN48e	BGALASE_OGLYCAN49e	BGALASE_OGLYCAN4e	BGALASE_OGLYCAN50e	BGALASE_OGLYCAN51e	BGALASE_OGLYCAN52e	BGALASE_OGLYCAN53e	BGALASE_OGLYCAN54e	BGALASE_OGLYCAN55e	BGALASE_OGLYCAN56e	BGALASE_OGLYCAN57e	BGALASE_OGLYCAN58e	BGALASE_OGLYCAN59e	BGALASE_OGLYCAN5e	BGALASE_OGLYCAN60e	BGALASE_OGLYCAN61e	BGALASE_OGLYCAN62e	BGALASE_OGLYCAN63e	BGALASE_OGLYCAN64e	BGALASE_OGLYCAN65e	BGALASE_OGLYCAN66e	BGALASE_OGLYCAN67e	BGALASE_OGLYCAN68e	BGALASE_OGLYCAN69e	BGALASE_OGLYCAN6e	BGALASE_OGLYCAN70e	BGALASE_OGLYCAN71e	BGALASE_OGLYCAN72e	BGALASE_OGLYCAN73e	BGALASE_OGLYCAN74e	BGALASE_OGLYCAN75e	BGALASE_OGLYCAN76e	BGALASE_OGLYCAN77e	BGALASE_OGLYCAN78e	BGALASE_OGLYCAN79e	BGALASE_OGLYCAN7e	BGALASE_OGLYCAN80e	BGALASE_OGLYCAN81e	BGALASE_OGLYCAN82e	BGALASE_OGLYCAN83e	BGALASE_OGLYCAN84e	BGALASE_OGLYCAN85e	BGALASE_OGLYCAN86e	BGALASE_OGLYCAN87e	BGALASE_OGLYCAN88e	BGALASE_OGLYCAN89e	BGALASE_OGLYCAN8e	BGALASE_OGLYCAN90e	BGALASE_OGLYCAN91e	BGALASE_OGLYCAN92e	BGALASE_OGLYCAN93e	BGALASE_OGLYCAN94e	BGALASE_OGLYCAN95e	BGALASE_OGLYCAN96e	BGALASE_OGLYCAN97e	BGALASE_OGLYCAN98e	BGALASE_OGLYCAN99e	BGALASE_OGLYCAN9e	BHEXNACASE_OGLYCAN10e	BHEXNACASE_OGLYCAN11e	BHEXNACASE_OGLYCAN12e	BHEXNACASE_OGLYCAN13e	BHEXNACASE_OGLYCAN14e	BHEXNACASE_OGLYCAN15e	BHEXNACASE_OGLYCAN16e	BHEXNACASE_OGLYCAN17e	BHEXNACASE_OGLYCAN18e	BHEXNACASE_OGLYCAN19e	BHEXNACASE_OGLYCAN1e	BHEXNACASE_OGLYCAN20e	BHEXNACASE_OGLYCAN21e	BHEXNACASE_OGLYCAN22e	BHEXNACASE_OGLYCAN23e	BHEXNACASE_OGLYCAN24e	BHEXNACASE_OGLYCAN25e	BHEXNACASE_OGLYCAN26e	BHEXNACASE_OGLYCAN27e	BHEXNACASE_OGLYCAN28e	BHEXNACASE_OGLYCAN29e	BHEXNACASE_OGLYCAN2e	BHEXNACASE_OGLYCAN30e	BHEXNACASE_OGLYCAN31e	BHEXNACASE_OGLYCAN32e	BHEXNACASE_OGLYCAN33e	BHEXNACASE_OGLYCAN34e	BHEXNACASE_OGLYCAN35e	BHEXNACASE_OGLYCAN36e	BHEXNACASE_OGLYCAN37e	BHEXNACASE_OGLYCAN38e	BHEXNACASE_OGLYCAN39e	BHEXNACASE_OGLYCAN3e	BHEXNACASE_OGLYCAN40e	BHEXNACASE_OGLYCAN41e	BHEXNACASE_OGLYCAN42e	BHEXNACASE_OGLYCAN43e	BHEXNACASE_OGLYCAN44e	BHEXNACASE_OGLYCAN45e	BHEXNACASE_OGLYCAN46e	BHEXNACASE_OGLYCAN47e	BHEXNACASE_OGLYCAN48e	BHEXNACASE_OGLYCAN49e	BHEXNACASE_OGLYCAN4e	BHEXNACASE_OGLYCAN50e	BHEXNACASE_OGLYCAN51e	BHEXNACASE_OGLYCAN52e	BHEXNACASE_OGLYCAN53e	BHEXNACASE_OGLYCAN54e	BHEXNACASE_OGLYCAN55e	BHEXNACASE_OGLYCAN56e	BHEXNACASE_OGLYCAN57e	BHEXNACASE_OGLYCAN58e	BHEXNACASE_OGLYCAN59e	BHEXNACASE_OGLYCAN5e	BHEXNACASE_OGLYCAN60e	BHEXNACASE_OGLYCAN61e	BHEXNACASE_OGLYCAN62e	BHEXNACASE_OGLYCAN63e	BHEXNACASE_OGLYCAN64e	BHEXNACASE_OGLYCAN65e	BHEXNACASE_OGLYCAN66e	BHEXNACASE_OGLYCAN67e	BHEXNACASE_OGLYCAN68e	BHEXNACASE_OGLYCAN69e	BHEXNACASE_OGLYCAN6e	BHEXNACASE_OGLYCAN70e	BHEXNACASE_OGLYCAN71e	BHEXNACASE_OGLYCAN72e	BHEXNACASE_OGLYCAN73e	BHEXNACASE_OGLYCAN74e	BHEXNACASE_OGLYCAN75e	BHEXNACASE_OGLYCAN76e	BHEXNACASE_OGLYCAN77e	BHEXNACASE_OGLYCAN78e	BHEXNACASE_OGLYCAN79e	BHEXNACASE_OGLYCAN7e	BHEXNACASE_OGLYCAN80e	BHEXNACASE_OGLYCAN81e	BHEXNACASE_OGLYCAN82e	BHEXNACASE_OGLYCAN83e	BHEXNACASE_OGLYCAN84e	BHEXNACASE_OGLYCAN85e	BHEXNACASE_OGLYCAN86e	BHEXNACASE_OGLYCAN87e	BHEXNACASE_OGLYCAN88e	BHEXNACASE_OGLYCAN89e	BHEXNACASE_OGLYCAN8e	BHEXNACASE_OGLYCAN90e	BHEXNACASE_OGLYCAN91e	BHEXNACASE_OGLYCAN92e	BHEXNACASE_OGLYCAN93e	BHEXNACASE_OGLYCAN94e	BHEXNACASE_OGLYCAN9e	ENAGALNACASE_OGLYCAN100e	ENAGALNACASE_OGLYCAN101e	ENAGALNACASE_OGLYCAN102e	ENAGALNACASE_OGLYCAN103e	ENAGALNACASE_OGLYCAN104e	ENAGALNACASE_OGLYCAN105e	ENAGALNACASE_OGLYCAN106e	ENAGALNACASE_OGLYCAN107e	ENAGALNACASE_OGLYCAN108e	ENAGALNACASE_OGLYCAN109e	ENAGALNACASE_OGLYCAN10e	ENAGALNACASE_OGLYCAN110e	ENAGALNACASE_OGLYCAN111e	ENAGALNACASE_OGLYCAN112e	ENAGALNACASE_OGLYCAN113e	ENAGALNACASE_OGLYCAN114e	ENAGALNACASE_OGLYCAN115e	ENAGALNACASE_OGLYCAN116e	ENAGALNACASE_OGLYCAN117e	ENAGALNACASE_OGLYCAN118e	ENAGALNACASE_OGLYCAN119e	ENAGALNACASE_OGLYCAN11e	ENAGALNACASE_OGLYCAN120e	ENAGALNACASE_OGLYCAN121e	ENAGALNACASE_OGLYCAN122e	ENAGALNACASE_OGLYCAN123e	ENAGALNACASE_OGLYCAN124e	ENAGALNACASE_OGLYCAN125e	ENAGALNACASE_OGLYCAN126e	ENAGALNACASE_OGLYCAN127e	ENAGALNACASE_OGLYCAN128e	ENAGALNACASE_OGLYCAN129e	ENAGALNACASE_OGLYCAN12e	ENAGALNACASE_OGLYCAN130e	ENAGALNACASE_OGLYCAN131e	ENAGALNACASE_OGLYCAN132e	ENAGALNACASE_OGLYCAN133e	ENAGALNACASE_OGLYCAN134e	ENAGALNACASE_OGLYCAN135e	ENAGALNACASE_OGLYCAN136e	ENAGALNACASE_OGLYCAN137e	ENAGALNACASE_OGLYCAN138e	ENAGALNACASE_OGLYCAN139e	ENAGALNACASE_OGLYCAN13e	ENAGALNACASE_OGLYCAN140e	ENAGALNACASE_OGLYCAN141e	ENAGALNACASE_OGLYCAN142e	ENAGALNACASE_OGLYCAN143e	ENAGALNACASE_OGLYCAN144e	ENAGALNACASE_OGLYCAN145e	ENAGALNACASE_OGLYCAN146e	ENAGALNACASE_OGLYCAN147e	ENAGALNACASE_OGLYCAN148e	ENAGALNACASE_OGLYCAN149e	ENAGALNACASE_OGLYCAN14e	ENAGALNACASE_OGLYCAN150e	ENAGALNACASE_OGLYCAN151e	ENAGALNACASE_OGLYCAN152e	ENAGALNACASE_OGLYCAN153e	ENAGALNACASE_OGLYCAN154e	ENAGALNACASE_OGLYCAN155e	ENAGALNACASE_OGLYCAN156e	ENAGALNACASE_OGLYCAN157e	ENAGALNACASE_OGLYCAN158e	ENAGALNACASE_OGLYCAN159e	ENAGALNACASE_OGLYCAN15e	ENAGALNACASE_OGLYCAN160e	ENAGALNACASE_OGLYCAN161e	ENAGALNACASE_OGLYCAN162e	ENAGALNACASE_OGLYCAN163e	ENAGALNACASE_OGLYCAN164e	ENAGALNACASE_OGLYCAN165e	ENAGALNACASE_OGLYCAN166e	ENAGALNACASE_OGLYCAN167e	ENAGALNACASE_OGLYCAN168e	ENAGALNACASE_OGLYCAN169e	ENAGALNACASE_OGLYCAN16e	ENAGALNACASE_OGLYCAN170e	ENAGALNACASE_OGLYCAN171e	ENAGALNACASE_OGLYCAN172e	ENAGALNACASE_OGLYCAN173e	ENAGALNACASE_OGLYCAN174e	ENAGALNACASE_OGLYCAN175e	ENAGALNACASE_OGLYCAN176e	ENAGALNACASE_OGLYCAN177e	ENAGALNACASE_OGLYCAN178e	ENAGALNACASE_OGLYCAN179e	ENAGALNACASE_OGLYCAN17e	ENAGALNACASE_OGLYCAN180e	ENAGALNACASE_OGLYCAN181e	ENAGALNACASE_OGLYCAN182e	ENAGALNACASE_OGLYCAN183e	ENAGALNACASE_OGLYCAN184e	ENAGALNACASE_OGLYCAN185e	ENAGALNACASE_OGLYCAN186e	ENAGALNACASE_OGLYCAN187e	ENAGALNACASE_OGLYCAN188e	ENAGALNACASE_OGLYCAN189e	ENAGALNACASE_OGLYCAN18e	ENAGALNACASE_OGLYCAN190e	ENAGALNACASE_OGLYCAN191e	ENAGALNACASE_OGLYCAN192e	ENAGALNACASE_OGLYCAN193e	ENAGALNACASE_OGLYCAN194e	ENAGALNACASE_OGLYCAN195e	ENAGALNACASE_OGLYCAN196e	ENAGALNACASE_OGLYCAN197e	ENAGALNACASE_OGLYCAN198e	ENAGALNACASE_OGLYCAN199e	ENAGALNACASE_OGLYCAN19e	ENAGALNACASE_OGLYCAN1e	ENAGALNACASE_OGLYCAN200e	ENAGALNACASE_OGLYCAN201e	ENAGALNACASE_OGLYCAN202e	ENAGALNACASE_OGLYCAN20e	ENAGALNACASE_OGLYCAN21e	ENAGALNACASE_OGLYCAN22e	ENAGALNACASE_OGLYCAN23e	ENAGALNACASE_OGLYCAN24e	ENAGALNACASE_OGLYCAN25e	ENAGALNACASE_OGLYCAN26e	ENAGALNACASE_OGLYCAN27e	ENAGALNACASE_OGLYCAN28e	ENAGALNACASE_OGLYCAN29e	ENAGALNACASE_OGLYCAN2e	ENAGALNACASE_OGLYCAN30e	ENAGALNACASE_OGLYCAN31e	ENAGALNACASE_OGLYCAN32e	ENAGALNACASE_OGLYCAN33e	ENAGALNACASE_OGLYCAN34e	ENAGALNACASE_OGLYCAN35e	ENAGALNACASE_OGLYCAN36e	ENAGALNACASE_OGLYCAN37e	ENAGALNACASE_OGLYCAN38e	ENAGALNACASE_OGLYCAN39e	ENAGALNACASE_OGLYCAN3e	ENAGALNACASE_OGLYCAN40e	ENAGALNACASE_OGLYCAN41e	ENAGALNACASE_OGLYCAN42e	ENAGALNACASE_OGLYCAN43e	ENAGALNACASE_OGLYCAN44e	ENAGALNACASE_OGLYCAN45e	ENAGALNACASE_OGLYCAN46e	ENAGALNACASE_OGLYCAN47e	ENAGALNACASE_OGLYCAN48e	ENAGALNACASE_OGLYCAN49e	ENAGALNACASE_OGLYCAN4e	ENAGALNACASE_OGLYCAN50e	ENAGALNACASE_OGLYCAN51e	ENAGALNACASE_OGLYCAN52e	ENAGALNACASE_OGLYCAN53e	ENAGALNACASE_OGLYCAN54e	ENAGALNACASE_OGLYCAN55e	ENAGALNACASE_OGLYCAN56e	ENAGALNACASE_OGLYCAN57e	ENAGALNACASE_OGLYCAN58e	ENAGALNACASE_OGLYCAN59e	ENAGALNACASE_OGLYCAN5e	ENAGALNACASE_OGLYCAN60e	ENAGALNACASE_OGLYCAN61e	ENAGALNACASE_OGLYCAN62e	ENAGALNACASE_OGLYCAN63e	ENAGALNACASE_OGLYCAN64e	ENAGALNACASE_OGLYCAN65e	ENAGALNACASE_OGLYCAN66e	ENAGALNACASE_OGLYCAN67e	ENAGALNACASE_OGLYCAN68e	ENAGALNACASE_OGLYCAN69e	ENAGALNACASE_OGLYCAN6e	ENAGALNACASE_OGLYCAN70e	ENAGALNACASE_OGLYCAN71e	ENAGALNACASE_OGLYCAN72e	ENAGALNACASE_OGLYCAN73e	ENAGALNACASE_OGLYCAN74e	ENAGALNACASE_OGLYCAN75e	ENAGALNACASE_OGLYCAN76e	ENAGALNACASE_OGLYCAN77e	ENAGALNACASE_OGLYCAN78e	ENAGALNACASE_OGLYCAN79e	ENAGALNACASE_OGLYCAN7e	ENAGALNACASE_OGLYCAN80e	ENAGALNACASE_OGLYCAN81e	ENAGALNACASE_OGLYCAN82e	ENAGALNACASE_OGLYCAN83e	ENAGALNACASE_OGLYCAN84e	ENAGALNACASE_OGLYCAN85e	ENAGALNACASE_OGLYCAN86e	ENAGALNACASE_OGLYCAN87e	ENAGALNACASE_OGLYCAN88e	ENAGALNACASE_OGLYCAN89e	ENAGALNACASE_OGLYCAN8e	ENAGALNACASE_OGLYCAN90e	ENAGALNACASE_OGLYCAN91e	ENAGALNACASE_OGLYCAN92e	ENAGALNACASE_OGLYCAN93e	ENAGALNACASE_OGLYCAN94e	ENAGALNACASE_OGLYCAN95e	ENAGALNACASE_OGLYCAN96e	ENAGALNACASE_OGLYCAN97e	ENAGALNACASE_OGLYCAN98e	ENAGALNACASE_OGLYCAN99e	ENAGALNACASE_OGLYCAN9e	FCLCTNS	FCNHL	FUCASE_OGLYCAN100e	FUCASE_OGLYCAN101e	FUCASE_OGLYCAN102e	FUCASE_OGLYCAN103e	FUCASE_OGLYCAN104e	FUCASE_OGLYCAN105e	FUCASE_OGLYCAN106e	FUCASE_OGLYCAN107e	FUCASE_OGLYCAN108e	FUCASE_OGLYCAN109e	FUCASE_OGLYCAN10e	FUCASE_OGLYCAN110e	FUCASE_OGLYCAN111e	FUCASE_OGLYCAN112e	FUCASE_OGLYCAN113e	FUCASE_OGLYCAN114e	FUCASE_OGLYCAN115e	FUCASE_OGLYCAN116e	FUCASE_OGLYCAN117e	FUCASE_OGLYCAN118e	FUCASE_OGLYCAN119e	FUCASE_OGLYCAN11e	FUCASE_OGLYCAN120e	FUCASE_OGLYCAN121e	FUCASE_OGLYCAN122e	FUCASE_OGLYCAN123e	FUCASE_OGLYCAN124e	FUCASE_OGLYCAN125e	FUCASE_OGLYCAN126e	FUCASE_OGLYCAN127e	FUCASE_OGLYCAN128e	FUCASE_OGLYCAN129e	FUCASE_OGLYCAN12e	FUCASE_OGLYCAN130e	FUCASE_OGLYCAN131e	FUCASE_OGLYCAN132e	FUCASE_OGLYCAN133e	FUCASE_OGLYCAN134e	FUCASE_OGLYCAN135e	FUCASE_OGLYCAN136e	FUCASE_OGLYCAN137e	FUCASE_OGLYCAN138e	FUCASE_OGLYCAN139e	FUCASE_OGLYCAN13e	FUCASE_OGLYCAN140e	FUCASE_OGLYCAN141e	FUCASE_OGLYCAN142e	FUCASE_OGLYCAN143e	FUCASE_OGLYCAN144e	FUCASE_OGLYCAN145e	FUCASE_OGLYCAN146e	FUCASE_OGLYCAN147e	FUCASE_OGLYCAN148e	FUCASE_OGLYCAN149e	FUCASE_OGLYCAN14e	FUCASE_OGLYCAN150e	FUCASE_OGLYCAN151e	FUCASE_OGLYCAN152e	FUCASE_OGLYCAN153e	FUCASE_OGLYCAN154e	FUCASE_OGLYCAN155e	FUCASE_OGLYCAN156e	FUCASE_OGLYCAN157e	FUCASE_OGLYCAN158e	FUCASE_OGLYCAN159e	FUCASE_OGLYCAN15e	FUCASE_OGLYCAN160e	FUCASE_OGLYCAN161e	FUCASE_OGLYCAN162e	FUCASE_OGLYCAN163e	FUCASE_OGLYCAN164e	FUCASE_OGLYCAN165e	FUCASE_OGLYCAN166e	FUCASE_OGLYCAN167e	FUCASE_OGLYCAN168e	FUCASE_OGLYCAN169e	FUCASE_OGLYCAN16e	FUCASE_OGLYCAN170e	FUCASE_OGLYCAN171e	FUCASE_OGLYCAN172e	FUCASE_OGLYCAN173e	FUCASE_OGLYCAN174e	FUCASE_OGLYCAN175e	FUCASE_OGLYCAN176e	FUCASE_OGLYCAN177e	FUCASE_OGLYCAN178e	FUCASE_OGLYCAN179e	FUCASE_OGLYCAN17e	FUCASE_OGLYCAN180e	FUCASE_OGLYCAN181e	FUCASE_OGLYCAN182e	FUCASE_OGLYCAN183e	FUCASE_OGLYCAN184e	FUCASE_OGLYCAN185e	FUCASE_OGLYCAN186e	FUCASE_OGLYCAN187e	FUCASE_OGLYCAN188e	FUCASE_OGLYCAN189e	FUCASE_OGLYCAN18e	FUCASE_OGLYCAN190e	FUCASE_OGLYCAN191e	FUCASE_OGLYCAN192e	FUCASE_OGLYCAN193e	FUCASE_OGLYCAN194e	FUCASE_OGLYCAN195e	FUCASE_OGLYCAN196e	FUCASE_OGLYCAN197e	FUCASE_OGLYCAN198e	FUCASE_OGLYCAN199e	FUCASE_OGLYCAN19e	FUCASE_OGLYCAN1e	FUCASE_OGLYCAN200e	FUCASE_OGLYCAN201e	FUCASE_OGLYCAN202e	FUCASE_OGLYCAN203e	FUCASE_OGLYCAN204e	FUCASE_OGLYCAN205e	FUCASE_OGLYCAN206e	FUCASE_OGLYCAN207e	FUCASE_OGLYCAN208e	FUCASE_OGLYCAN209e	FUCASE_OGLYCAN20e	FUCASE_OGLYCAN210e	FUCASE_OGLYCAN211e	FUCASE_OGLYCAN212e	FUCASE_OGLYCAN213e	FUCASE_OGLYCAN214e	FUCASE_OGLYCAN215e	FUCASE_OGLYCAN216e	FUCASE_OGLYCAN217e	FUCASE_OGLYCAN218e	FUCASE_OGLYCAN219e	FUCASE_OGLYCAN21e	FUCASE_OGLYCAN220e	FUCASE_OGLYCAN221e	FUCASE_OGLYCAN222e	FUCASE_OGLYCAN223e	FUCASE_OGLYCAN224e	FUCASE_OGLYCAN225e	FUCASE_OGLYCAN226e	FUCASE_OGLYCAN22e	FUCASE_OGLYCAN23e	FUCASE_OGLYCAN24e	FUCASE_OGLYCAN25e	FUCASE_OGLYCAN26e	FUCASE_OGLYCAN27e	FUCASE_OGLYCAN28e	FUCASE_OGLYCAN29e	FUCASE_OGLYCAN2e	FUCASE_OGLYCAN30e	FUCASE_OGLYCAN31e	FUCASE_OGLYCAN32e	FUCASE_OGLYCAN33e	FUCASE_OGLYCAN34e	FUCASE_OGLYCAN35e	FUCASE_OGLYCAN36e	FUCASE_OGLYCAN37e	FUCASE_OGLYCAN38e	FUCASE_OGLYCAN39e	FUCASE_OGLYCAN3e	FUCASE_OGLYCAN40e	FUCASE_OGLYCAN41e	FUCASE_OGLYCAN42e	FUCASE_OGLYCAN43e	FUCASE_OGLYCAN44e	FUCASE_OGLYCAN45e	FUCASE_OGLYCAN46e	FUCASE_OGLYCAN47e	FUCASE_OGLYCAN48e	FUCASE_OGLYCAN49e	FUCASE_OGLYCAN4e	FUCASE_OGLYCAN50e	FUCASE_OGLYCAN51e	FUCASE_OGLYCAN52e	FUCASE_OGLYCAN53e	FUCASE_OGLYCAN54e	FUCASE_OGLYCAN55e	FUCASE_OGLYCAN56e	FUCASE_OGLYCAN57e	FUCASE_OGLYCAN58e	FUCASE_OGLYCAN59e	FUCASE_OGLYCAN5e	FUCASE_OGLYCAN60e	FUCASE_OGLYCAN61e	FUCASE_OGLYCAN62e	FUCASE_OGLYCAN63e	FUCASE_OGLYCAN64e	FUCASE_OGLYCAN65e	FUCASE_OGLYCAN66e	FUCASE_OGLYCAN67e	FUCASE_OGLYCAN68e	FUCASE_OGLYCAN69e	FUCASE_OGLYCAN6e	FUCASE_OGLYCAN70e	FUCASE_OGLYCAN71e	FUCASE_OGLYCAN72e	FUCASE_OGLYCAN73e	FUCASE_OGLYCAN74e	FUCASE_OGLYCAN75e	FUCASE_OGLYCAN76e	FUCASE_OGLYCAN77e	FUCASE_OGLYCAN78e	FUCASE_OGLYCAN79e	FUCASE_OGLYCAN7e	FUCASE_OGLYCAN80e	FUCASE_OGLYCAN81e	FUCASE_OGLYCAN82e	FUCASE_OGLYCAN83e	FUCASE_OGLYCAN84e	FUCASE_OGLYCAN85e	FUCASE_OGLYCAN86e	FUCASE_OGLYCAN87e	FUCASE_OGLYCAN88e	FUCASE_OGLYCAN89e	FUCASE_OGLYCAN8e	FUCASE_OGLYCAN90e	FUCASE_OGLYCAN91e	FUCASE_OGLYCAN92e	FUCASE_OGLYCAN93e	FUCASE_OGLYCAN94e	FUCASE_OGLYCAN95e	FUCASE_OGLYCAN96e	FUCASE_OGLYCAN97e	FUCASE_OGLYCAN98e	FUCASE_OGLYCAN99e	FUCASE_OGLYCAN9e	SIAASE_OGLYCAN100e	SIAASE_OGLYCAN101e	SIAASE_OGLYCAN102e	SIAASE_OGLYCAN103e	SIAASE_OGLYCAN104e	SIAASE_OGLYCAN105e	SIAASE_OGLYCAN106e	SIAASE_OGLYCAN107e	SIAASE_OGLYCAN108e	SIAASE_OGLYCAN109e	SIAASE_OGLYCAN10e	SIAASE_OGLYCAN110e	SIAASE_OGLYCAN111e	SIAASE_OGLYCAN112e	SIAASE_OGLYCAN113e	SIAASE_OGLYCAN114e	SIAASE_OGLYCAN115e	SIAASE_OGLYCAN116e	SIAASE_OGLYCAN117e	SIAASE_OGLYCAN118e	SIAASE_OGLYCAN119e	SIAASE_OGLYCAN11e	SIAASE_OGLYCAN120e	SIAASE_OGLYCAN121e	SIAASE_OGLYCAN122e	SIAASE_OGLYCAN123e	SIAASE_OGLYCAN124e	SIAASE_OGLYCAN125e	SIAASE_OGLYCAN126e	SIAASE_OGLYCAN127e	SIAASE_OGLYCAN128e	SIAASE_OGLYCAN129e	SIAASE_OGLYCAN12e	SIAASE_OGLYCAN130e	SIAASE_OGLYCAN131e	SIAASE_OGLYCAN132e	SIAASE_OGLYCAN133e	SIAASE_OGLYCAN134e	SIAASE_OGLYCAN135e	SIAASE_OGLYCAN136e	SIAASE_OGLYCAN137e	SIAASE_OGLYCAN138e	SIAASE_OGLYCAN139e	SIAASE_OGLYCAN13e	SIAASE_OGLYCAN140e	SIAASE_OGLYCAN141e	SIAASE_OGLYCAN142e	SIAASE_OGLYCAN143e	SIAASE_OGLYCAN144e	SIAASE_OGLYCAN145e	SIAASE_OGLYCAN146e	SIAASE_OGLYCAN147e	SIAASE_OGLYCAN148e	SIAASE_OGLYCAN149e	SIAASE_OGLYCAN14e	SIAASE_OGLYCAN150e	SIAASE_OGLYCAN151e	SIAASE_OGLYCAN152e	SIAASE_OGLYCAN153e	SIAASE_OGLYCAN154e	SIAASE_OGLYCAN155e	SIAASE_OGLYCAN156e	SIAASE_OGLYCAN157e	SIAASE_OGLYCAN158e	SIAASE_OGLYCAN159e	SIAASE_OGLYCAN15e	SIAASE_OGLYCAN160e	SIAASE_OGLYCAN161e	SIAASE_OGLYCAN162e	SIAASE_OGLYCAN163e	SIAASE_OGLYCAN164e	SIAASE_OGLYCAN165e	SIAASE_OGLYCAN166e	SIAASE_OGLYCAN167e	SIAASE_OGLYCAN168e	SIAASE_OGLYCAN169e	SIAASE_OGLYCAN16e	SIAASE_OGLYCAN170e	SIAASE_OGLYCAN171e	SIAASE_OGLYCAN172e	SIAASE_OGLYCAN173e	SIAASE_OGLYCAN174e	SIAASE_OGLYCAN175e	SIAASE_OGLYCAN176e	SIAASE_OGLYCAN177e	SIAASE_OGLYCAN178e	SIAASE_OGLYCAN179e	SIAASE_OGLYCAN17e	SIAASE_OGLYCAN180e	SIAASE_OGLYCAN181e	SIAASE_OGLYCAN18e	SIAASE_OGLYCAN19e	SIAASE_OGLYCAN20e	SIAASE_OGLYCAN21e	SIAASE_OGLYCAN22e	SIAASE_OGLYCAN23e	SIAASE_OGLYCAN24e	SIAASE_OGLYCAN25e	SIAASE_OGLYCAN26e	SIAASE_OGLYCAN27e	SIAASE_OGLYCAN28e	SIAASE_OGLYCAN29e	SIAASE_OGLYCAN30e	SIAASE_OGLYCAN31e	SIAASE_OGLYCAN32e	SIAASE_OGLYCAN33e	SIAASE_OGLYCAN34e	SIAASE_OGLYCAN35e	SIAASE_OGLYCAN36e	SIAASE_OGLYCAN37e	SIAASE_OGLYCAN38e	SIAASE_OGLYCAN39e	SIAASE_OGLYCAN40e	SIAASE_OGLYCAN41e	SIAASE_OGLYCAN42e	SIAASE_OGLYCAN43e	SIAASE_OGLYCAN44e	SIAASE_OGLYCAN45e	SIAASE_OGLYCAN46e	SIAASE_OGLYCAN47e	SIAASE_OGLYCAN48e	SIAASE_OGLYCAN49e	SIAASE_OGLYCAN4e	SIAASE_OGLYCAN50e	SIAASE_OGLYCAN51e	SIAASE_OGLYCAN52e	SIAASE_OGLYCAN53e	SIAASE_OGLYCAN54e	SIAASE_OGLYCAN55e	SIAASE_OGLYCAN56e	SIAASE_OGLYCAN57e	SIAASE_OGLYCAN58e	SIAASE_OGLYCAN59e	SIAASE_OGLYCAN5e	SIAASE_OGLYCAN60e	SIAASE_OGLYCAN61e	SIAASE_OGLYCAN62e	SIAASE_OGLYCAN63e	SIAASE_OGLYCAN64e	SIAASE_OGLYCAN65e	SIAASE_OGLYCAN66e	SIAASE_OGLYCAN67e	SIAASE_OGLYCAN68e	SIAASE_OGLYCAN69e	SIAASE_OGLYCAN6e	SIAASE_OGLYCAN70e	SIAASE_OGLYCAN71e	SIAASE_OGLYCAN72e	SIAASE_OGLYCAN73e	SIAASE_OGLYCAN74e	SIAASE_OGLYCAN75e	SIAASE_OGLYCAN76e	SIAASE_OGLYCAN77e	SIAASE_OGLYCAN78e	SIAASE_OGLYCAN79e	SIAASE_OGLYCAN7e	SIAASE_OGLYCAN80e	SIAASE_OGLYCAN81e	SIAASE_OGLYCAN82e	SIAASE_OGLYCAN83e	SIAASE_OGLYCAN84e	SIAASE_OGLYCAN85e	SIAASE_OGLYCAN86e	SIAASE_OGLYCAN87e	SIAASE_OGLYCAN88e	SIAASE_OGLYCAN89e	SIAASE_OGLYCAN8e	SIAASE_OGLYCAN90e	SIAASE_OGLYCAN91e	SIAASE_OGLYCAN92e	SIAASE_OGLYCAN93e	SIAASE_OGLYCAN94e	SIAASE_OGLYCAN95e	SIAASE_OGLYCAN96e	SIAASE_OGLYCAN97e	SIAASE_OGLYCAN98e	SIAASE_OGLYCAN99e	SIAASE_OGLYCAN9e
NAD metabolism	ASPO1	ASPO2	ASPO5	ASPO6	ASPO7	L_ASPR	NADK	NADK2	NADK3	NADN	NADS1	NADS2	NAMNPP	NAPRT	NICRNS	NMNAT	NMNDA	NMNPH	NMNS	NNAM	NNATr	NNDMBRT	NNDPR	NP1	NP1_r	NPR	NT5C	PNP	QULNS	THD1	THD2	r0391	r0527	r0584
Naphthalene degradation	HSNOOX	MCREAOOX	NP2MSUCCS	SNCOAT	SNOOX
Nitrogen metabolism	CBMTHL	CBMTHL2	FDOXR	N2OFO	N2OO	N2Ormq	NIR	NIT_n1p4	NO2OX	NO2rDmq	NO2rDuq	NO2rPmq	NO2rPuq	NO3R1	NO3R2	NO3rPmq	NO3rPuq	NODOx	NODOy	NOr1mq	NTRARx	NTRARy	NTRIR4	OAZUROX	UGLYCH
Nucleotide interconversion	23PDE2	23PDE4	23PDE7	23PDE9	ADAD	ADD	ADK1	ADK10	ADK11	ADK2	ADK3	ADK5	ADK7	ADK8	ADK9	ADNCYC	ADNK1	ADPRDP	ADSELK	ADSK	ADSS	AMPDA	AMPN	AP4AH	BPNT	CMPN	CTPS1	CYTDH	CYTDK1	CYTDK2	CYTDK3	CYTDK4	CYTK1	CYTK2	DADA	DADNK	DCTPD	DCTPD2	DGK1	DTMPK	DURIK1	DURIPP	GK1	GK2	GMPR	GMPS2	GNNUC	GSNK	GTPDPDP	HXAND	IMPD	INSH	NDPK1	NDPK2	NDPK3	NDPK4	NDPK5	NDPK6	NDPK7	NDPK8	NDPK9	NTD10	NTD6	NTD7	NTD8	NTD9	NTPP7	NTPTP1	PDE1	PDE4	PPGPPDP	PUNP1	PUNP7	RNDR1	RNDR2	RNDR3	RNDR4	RNTR1	RNTR2	RNTR3	RNTR4	SADT	TMDK1	TMDS	TMDSf	TMDSf2	UMPK	UMPK2	UMPK3	UMPK4	UMPK5	UMPK6	UMPK7	URIDK1	URIDK2	URIDK3	UTPATPT	XTSNH	r0345	r0456	r1384
Nucleotide salvage pathway	ADPT	GUAPRT	HXPRT	UPPRT
Nucleotide sugar metabolism	G1PTT	TDPGDH
O-Glycan degradation	GALASE_OGLYCAN1e	GALASE_OGLYCAN2e	GALASE_OGLYCAN3e	GALNACASE_OGLYCAN1e	GALNACASE_OGLYCAN2e	GALNACASE_OGLYCAN3e	GLCNACASE_OGLYCAN1e	GLCNACASE_OGLYCAN2e	GLCNACASE_OGLYCAN3e	GLCNACASE_OGLYCAN4e	GLCNACASE_OGLYCAN5e	GLCNACASE_OGLYCAN6e	NEU23	SIAASE_OGLYCAN1e	SIAASE_OGLYCAN2e	SIAASE_OGLYCAN3e
Others	CHOLTMAL	CRNCDH	DHBS	DMLARGAH	MALDC	OXAG	OXAMTC	PRODTHLOX	RE3351C	TCBO	TRDOXOX
Oxalate metabolismn	OXCOADC
Oxidative phosphorylation	CCOuq	CYO1b	CYOO3	CYOR3	CYOmq	PPA
Pentose and glucuronate interconversions	25DOPOX	3DGUR	3KGK	A5PISO	ABTDG	ABTOXy	ALTRH	ARABDPT	ARAI	DDGLK	DOGULNR	DRIBI	GUI1	GUI2	KG6PDC	LCARR	LCARRy	LYXI	MANAO	MNNH	PRKIN	PRKINi	RB5PE	RBLIi	RBP4E	RBTDG	RMK2	RMPA2	TAGURr	UDPGDr	XNOX	XYLI1	XYLK2	XYLLACH	XYLTH
Pentose phosphate pathway	5DGLCNR	AC2DHOR	ARABI	DRBK	DRPA	DRPAr	EDA	EDA_R	EDD	FBA3	G15LACH	G6PBDH	G6PDH2	G6PDH2r	GLCDe	GLCND	GLCNOXy	GND	GND2	GNK	GNOX	GNOXmq	GNOXmqi	GNOXuq	GNOXuqi	GNOXy	IDOND	IDOND2	PFK_3	PGL	PKL	PPM	PRPPS	RBK	RBK_D	RBK_Dr	RBK_L1	RPE	RPI	S7P1K	TALA	TKT1	TKT2	US7P1PT	XU5PG3PL	XYLK	XYLTD_Dr	r0570
Peptide metabolism	ALAASP1c	ALAGLN1c	ALAGLU1c	ALAGLY1c	ALAHIS1c	ALALEU1c	ALATHR1c	AMPTASEGC	GLYASN1c	GLYASP1c	GLYGLN1c	GLYGLU1c	GLYLEUHYDROc	GLYMET1c	GLYPHEHYc	GLYPROPRO1c	GLYTYR1c	METALA1c
Phenylalanine metabolism	3HCINNMH	3HPPPNH	AROH	CHORM	CHORS	CINNDO	CINNMCOADH	CINNMR	DDPA	DHCIND	DHCINDO	DHPPD	DHQS	DHQTi	DHSKDH	HKNDDH	HKNTDH	HOPNTAL	HPPPNDO	IOR2	KACOAT2	LARGNAT	MELTOX	OP4ENH	PACCOAL	PACCOALr	PEAMNO	PHACK	PHACOAO	PHE4MO	PHETA1	PHETHPTOX2	PHYCBOXL	PLACD	PLACOAD	PLACOAS	PLACOR	PPHAC	PPNDH	PPOR	PPPNCOAPLACOAT	PPPNDO	PSCVT	QUIDH	SHK3Dr	SHKK	r0545
Phosphonate and phosphinate metabolism	AEPPT
Plant polysaccharide degradation	ARABASE3e	ARABINANASEe	ARABINOGALASEe	ARABINOXYL_DEGe	BGLC_DEGe	CELLUL_DEGe	DEXTRAN40e	FRUASE1	GALMANNAN_DEGe	GALS3	GLCMANNAN_DEGe	HOMOGALASEe	INULINASE	INULINASEe	KESTOASEe	KESTOPTASEe	KESTOTTRASEe	LEVANASE_1e	LEVANASE_2e	LEVANASE_3e	LEVANASE_4e	LICHN_DEGe	LMN2e	LMNe	MANA4	MANNANASEe	PECTICGALASEe	PECTIN_DEGe	RAFGH	RAFH	RHAMNOGALURASEe_I	RHAMNOGALURASEe_II	STYSGH	SUCR	XYLAN_DEGe	XYLUGLC_DEGe
Polycyclic aromatic hydrocarbon degradation	1H2NPTH	SALCACD
Porphyrin and chlorophyll metabolism	CHLOROPHCPT	DVPROTOCHLOROPH1	DVPROTOCHLOROPH2	DVPROTOCHLOROPH3	PROTOCHLOROR
Propanoate metabolism	12PPDSDH	2HBO	3HPPD	AACOAT	ACCOAL	ACS2	LACCOAD	LACCOAT	MALCOAPYRCT	MCITD	MCITD2	MCITL2	MCITS	MICITD	MICITDr	MMCOAH	MME	MMM2r	MMSAD4i	MMSAD5	MMTSAD	OBTFL	PPAKr	PPCOAC	PPCOA_FDX_OX	PTA2	PYRCT
Purine catabolism	5AIZCDC	ADA	ADNUC	ALLTAH	ALLTAMH2	ALLTN	ALLTNR	ALLTNRS	ALLTNS	GUAD	NTD11	PUNP2	PUNP3	PUNP4	PUNP5	PUNP6	RE3352C	URAOX	URDGLYAH	URDGLYCD	URDGLYCR	XPPT	XPPTr	r0502
Purine synthesis	ADSL1r	ADSL2r	AICART	AIRC4	GARFTi	GART	GLUPRT	IMPC	INSK	PRAGS	PRAIS	PRASCSi	PRFGS
Pyrimidine catabolism	BUP2	CMPDAi	CSND	CYTD	DCMPDA	DCTPAH	DCYTD	DHPM1	DHPM2	DURAD	DURAD2	DUTPDP	MCSNAH1r	NTD1	NTD2	NTD3	NTD4	NTD5	PYNP1r	PYNP2r	TMDPP	UP4GH	UPPN	r0236	r0330	r0377
Pyrimidine synthesis	ASPCT	CBPS	CTPS2	DHORD2	DHORD5	DHORDfum	DHORDi	DHORTS	OMPDC	OROTPT	TMDK2	URIK1	URIK10	URIK11	URIK12	URIK13	URIK14	URIK2	URIK3	URIK4	URIK5	URIK6	URIK7	URIK8	URIK9	YUMPS
Pyruvate metabolism	AACGLYDH	ACALD	ACCOACL	ACHBS	ACKr	ACYP_2	AKGS	ALCD19	ALCD4	DHAPT	D_LACD	FHL	GLYOX	LACLi	LALDO3	LCADi	LCADi_D	LCAR2	LDH_D	LDH_D2	LGTHL	L_LACD	L_LACD2	L_LACD3	L_LACDr	LacR	ME2	MGSA	MTHGXLDH	OXGDC	PFL	POR4	POX	PPC	PPCr	PPIACPT	PPIOAACL	PTAr	PYRDC	PYROX
ROS detoxification	SPODM	THIORDXi	r0010
Respiration	ATPS3	ATPS4	ATPS4r	CYFO	CYTBD	CYTBD2	CYTB_B3	DMSOR1	DMSOR2	ESHCYS2_FPe	ESHCYS_FPe	ESHGLU2_FPe	ESHGLU_FPe	FDH2	FDMO	FDMO2	FDMO3	FDMO4	FDMO5	FDMO6	FICYTCOX	FLVRxe	FRDO	FRDOr	HYD1	HYD2	HYD3	HYD4	HYD5y	NADH10	NADH5	NADH6	NADH7	NADH8	NADH9	NADPHQR2	NADPHQR3	NADPHQR4	NOX1	NTRIR2x	NTRIR2y	NTRIR5	PQQDH	SELRdmq	SELRmq	TMAOR1	TMAOR1e	TMAOR2	TMAOR2e	TMAORdmq	TMAORmq
Selenoamino acid metabolism	SEAHCYSHYD	SELCYSTS	SELNPS
Squalene and cholesterol synthesis	DPMVDc	HMGCOARxi	HMGCOAS	IPDDI	MEVK1c	PMEVKc
Starch and sucrose metabolism	AMALT1	AMALT2	AMALT3	AMALT4	AMY1e	AMY2e	AMYLOPECTe	AMYLe	AMYe	BGLA	BGLAr	CELLBK	DEXTRINASE	FFSD	G16BPS	G16BPSi	G1PCT	G1PGTi	G1PPT	GAMYe	GLCP	GLCP3	GLCS1	GLCS3	ISOMALT	MADGBG	MALT	MALT6PH	MALTATr	MBDGBG	MLTG1	MLTG2	MLTG3	MLTG4	MLTG5	MLTP1	MLTP2	MLTP3	MLTP4	MTI	O16G1e	O16G2e	PULLe	TRE6PH	TRE6PP	TRE6PPGT	TRE6PS	TREGLUDR2	TREH	UDPGP
Steroid metabolism	HSD3B11	HSD3B13	STS1	STS2
Stickland reaction	GLYB_R	GLYR	ILE_ST	LEU_ST	VAL_ST
Sulfur metabolism	AMPSO3OX	APSRdmq	APSRmq	DMSORdmq	DMSORmq	FDX_NAD_NADP_OXi	FXXRDO	FXXRDOi	H2SO	HCYSHSL	PAAMOR	PSFrdmq	PSFrmq	SACALDACT	SADT2	SO3R	SO3rDdmq	SO3rDmq	SULRi	TAUDO	TAURPYRAT	TFMO2	THSFST	THSr1dmq	THSr1mq	TRDR	TRDRr	TSULST	TTHrdmq	TTHrmq
Taurine and hypotaurine metabolism	LCYSTCBOXL
Terpenoid backbone biosynthesis	CDPMEK	DHSQLD	DMPPL	DMPPS	DMPPS2r	DXPRIi	DXPRIr	DXPS	GGT	GGTT	HETT	HEXTT	IPDPS	IPDPS2	IPDPUPT	IPFPHS	IPTT	MECDPDH2	MECDPS	MEPCT	OCTT	PPHTDK	PPHTDT	PPTT	PREN
Tetrahydrobiopterin metabolism	DHPR	GTPCI	PTHPS	THBPT4ACAMDASE	r0398
Thiamine metabolism	AHMMPS	AMPMS2	GLYO	GLYO1i	HETZK	HMPK1	PMPK	THMDP	THMP	THZPSN	TMDPK	TMK	TMN	TMPK	TMPPP
Transport, extracellular	12DGR180ti	12PPDt	13PPDt	15DAPt	26DAPt2r	2DMMQ8abc	2HYOXPLACt2r	2MBUTt2r	2OBUTt2r	33HPHACt2r	34DHPHAt2r	34DHPHEt2	3HCINNMt2r	3MOPt2r	4ABZt2	4HBZt2	4HOXPACDt2r	4HPLt2r	4HPPCOA4HPLCOAT	4HPRO_LTt	4MCATt2r	5APTNt2r	5HTRPt2	5MTAte	ABUTt2	ABUTt2r	ACACt2	ACALDt	ACGALt2r	ACGAMtr2	ACGAabc	ACGApts	ACGAt	ACMANAtr	ACNAMabc	ACNAMt2r	ACNAMtNa	ACTNdiff	ACt2r	ACtr	ADCA_T	ADEt2	ADEt2r	ADNCNT3tc	ADNt2	ADOCBLabc	AHCYSts	AKGMAL	AKGt2r	ALAASPabc	ALAGLNabc	ALAGLUabc	ALAGLYabc	ALAHISabc	ALALEUabc	ALATHRabc	ALAt2r	ALAt4r	ALCA_T	ALLTNt2r	AMETt2	AMPt2	ARABDt2	ARABt	ARBTpts	ARB_Dabc	ARBabc	ARBt2r	ARGabc	ARGt2	ARGt2r	ARSENBabc	ARSENBt2	ASNabc	ASNt2r	ASO3t	ASO4t	ASPabc	ASPt2	ASPt2_2	ASPt2_3	ASPt2r	ASPte	BHBtp	BIACt1	BIACt2	BIACt3	BIACt4	BTDt1_RR	BTNabc	BTOHt2r	BUTSO3abc	BUTt2	BUTt2r	CA2abc	CADVt	CAt4i	CBL1abc	CBL2abc	CBLTDe	CBl1te	CD2abc1	CD2t6r	CELBpts	CELLBabc	CGLYabc	CGLYt	CGLYt3_2_	CH4St	CH4t	CHLabc	CHLt2r	CHOLabc	CHORt	CHSTEROLup	CHTBSabc	CINNMt2r	CITCAt	CITCAti	CIT_Mgt	CITt10	CITt10i	CITt11	CITt15	CITt2	CITt7	CLOXAtex2	CMPt2	CO2t	COAt	COBALTt5	COPRT	CRNabc	CRNt7	CRO4t3	CSNt2	CSNt6	CTBTabc	CTBTt	CYNTt2	CYSabc	CYSt2r	CYTDt2	CYTDt2r	CYTDt4	Coabc	Cuabc	Cut1	DACTt3	DADNt2r	DALAt2r	DAPabc	DATPt	DCAT	DCYTt2r	DDCAt	DDGLCNt2r	DEXTRINabc	DGSNt2	DGSNt2r	DHCINNMt2r	DHPPPNt2r	DINSt2	DOPAt2	DPCOAti	DRIBabc	DSERt2r	DTMPt	DTTPti	DURIt2	D_LACt2	ETHAt2	ETHSO3abc	ETOHt	ETOHt2r	F1PPt	FE2DH	FE2abc	FE3abc	FE3t4	FECRMabc	FEDCabc	FOLabc	FOLt	FOLte	FOROXAtex	FORt	FORt2r	FRUpts	FRUt2r	FUCt2_1	FUCtabc	FUCtp	FUMt	FUMt2_2	FUMt2r	G6Pt6_2	GALACt	GALCTNt2r	GALTpts	GALURt2r	GALabc	GALpts	GALt1r	GALt2_2	GALt4	GAMpts	GAMt2r	GBBTNabc	GBBTNt	GCALDt	GLCNBHc	GLCNBPTc	GLCNt2r	GLCRt2	GLCTNBabc	GLCTNBpts	GLCURt2r	GLCabc	GLCpts	GLCt2	GLNabc	GLNt2r	GLNt4	GLUABUTt7	GLUTARt2r	GLUabc	GLUt2r	GLUt4r	GLYASNabc	GLYASPabc	GLYBabc	GLYBt2r	GLYC3Pabc	GLYC3Pt	GLYC3Pti	GLYCLTt2r	GLYCYSabc	GLYCt	GLYGLNabc	GLYGLUabc	GLYLEUPEPT1tc	GLYMETabc	GLYPHEabc	GLYPROabc	GLYTYRabc	GLYt2	GLYt2r	GLYt4r	GSNt	GSNt2	GSNt2r	GTHOXti3	GTHRDt2	GTPt	GUAt	GUAt2	GUAt2r	H2O2t	H2Ot	H2St	H2td	HCO3abc	HDCAt2	HDCAtr	HEMEti	HEXSabc	HG2abc	HISTAt2	HISabc	HISt2r	HKt	HOMt4	HPACt2r	HPPPNte	HXANt2	HXANt2r	HYXNt	HYXNti	ICITt10	IDONt2r	ILEabc	ILEt2r	IND3ACt2r	IND3PPAt2r	INDOLEt2r	INDPRPt2r	INDPYRD	INSTt2r	INSt	INSt2	INULINabc	ISETACabc	ISOBUTt2r	ISOCAPRt2r	ISOVALt2r	ISPREt	Kt1r	Kt3	Kt3r	LACpts	LANOSTt	LCAT	LCTNBHc	LCTNBPTc	LCTNBabc	LCTNBpts	LCTSabc	LCTSt	LCYSTabc	LEUabc	LEUt2r	LEVANB_ABC	LKYNRt2r	LLALDt	LYSabc	LYSt2r	LYSt3	LYSt3r	LYXabc	L_LACNa1t	L_LACt2	L_LACt2r	M03134t2r	MALLACDt	MALNAt	MALNt	MALTHXabc	MALTTRabc	MALTabc	MALTpts	MALt2	MALt2_2	MALt2r	MAN6Pt6_2	MANTRabc	MANabc	MANpts	MANt2r	MELIBabc	MELIBt2r	MEOHt2	METALAabc	METALAt	METDabc	METSOX1abc	METSOX2abc	METSOXR1r	METabc	METt2r	MG2abc	MGt5	MK7te	MK8t	MNLpts	MNLt6	MNabc	MNt2	MOBDabc	MOPSabc	MQN7te	MQN8te	MSO3abc	MTHFTe	N2Ot	N2t	NACUP	NACabc	NACt2r	NADPti	NARK	NAabcO	NAt3	NAt3_1	NCAMUP	NCAMabc	NCAMt2r	NH4t4	NH4tb	NHFRBO	NHFRBOr	NIabc	NMNP	NMNt7	NO2t2	NO2t2r	NO2t3	NO3abc	NO3t2	NO3t7	NOt	O2t	OAAt2r	OCDCAt2	OCDCAtr	OCDCEAtr	ORNabc	ORNt	ORNt2r	OXAte	PACt2r	PBt	PCRESOLt2r	PHENOLt2r	PHEt2r	PHEt4	PHPPAt2r	PHPYRt2r	PIMEtr	PIabc	PIt6b	PIt7	PIt7ir	PNTOabc	PNTOt2	PNTOt4	PPAt2	PPAt2i	PPAt2r	PPAtr	PPIt2e	PPPNt2r	PROPAT4te	PROabc	PROt2	PROt2r	PROt4	PROt4r	PROte	PTRCORNt7	PTRCabc	PTRCt2	PTRCt2r	PTRCtex2	PYDAMabc	PYDAMtr	PYDXNabc	PYDXNtr	PYDXabc	PYDXtr	PYRt2r	Q8abc	RAFFabc	RIBABCte	RIBFLVt2r	RIBabc	RMNt2	SALCpts	SBT_Lt	SBTpts	SBTt6	SERt2r	SHEMEabc	SO3t	SO4t2	SPMDabc	SPMDt2	SPMDtex2	SRTNt2	STYSabc	SUCCt	SUCCt2_2	SUCCt2_3	SUCCt2_3r	SUCCt2r	SUCRt2	SUCpts	SULFACabc	SULabc	TAURabc	THFte	THMDt2r	THMDt4	THMMPt2	THMabc	THMt3	THRt2r	THYMDt	THYMDtr2	TMAt2r	TREabc	TREpts	TRPt2r	TRPt4	TRYPTAt2	TSULabc	TSULt2	TTDCAt2	TTDCAtr	TYMt2r	TYRt	TYRt2r	TYRt4	URAt2	URAt2r	UREAt	URIt2	URIt2r	URIt4	VALabc	VALt2r	XANt2	XANt2r	XTSNt2r	XYLabc	XYLt	ZN2t4	ZNabc	kdFCNDH	kdFCNH	r1088	r1144	r1162	r1421	r1667	r2137
Tropane, piperidine and pyridine alkaloid biosynthesis	AADSACYCL
Tryptophan metabolism	3HAO	5HLTDL	5HXKYNDCL	ACACT1r	ANPRT	ANS	ANS2	FKYNH	HKYNH	IGPS	INDACCOADH	INDLACCOAD	INDLACCOAS	INDPRPCOAINDLAACCOAT	INDRYPR	IVCOASadp	KYN3OX	LTDCL	L_TRPCOO	PRAI	QUILSYN	TRPAS2i	TRPDA_H	TRPO2	TRPS1	TRPS2	TRPS3	TRPS3r	TRPTA
Tyrosine metabolism	2HH24DDH1	34DHOXPEGOX	34HPPDC	34HPPOR	3HLYTCL	3HPHACOX	42A12BOOX	4C2HM6SADH	4HOXPACDOX_NADP_	4HP34DHPD	4HPHACDC	4HPHACDC2	5C2O3EDDC	5CM2HMUDI	DCT	DHEDAA	DHPDO	FUMAC	H2O2syn	HGNTOR	HHDDI	HPHACK	HPLCOAD	HPLCOAS	HPPCOADH	HPPR	IOR3	L_AROND	L_ARONR	MACACI	MAOX	MAOX2	OHEDH	PACCOAL2r	PHPHAC	PPND	PPND2	RE2124C	TYRCBOX	TYRDA_H	TYRL	TYROXDAc	TYRTA
Ubiquinone and other terpenoid-quinone biosynthesis	2OMMBOX	2OMPHH	2S6HCC	ADXFTDA	ADXFTNS	ADXFTSNT	AMMQLT8	AMMQT72	AMMQT7rev	AMMQT8r	CHDHR	CHRPL	DH6NAOT4	DH6NPHS	DHNAOPT	DHNAOT	DHNAOT4	DHNAOT7	DHNAS	DMQMT	DMQMT2	DXFTOR	FTHD	HBZOPT	ICHORS	NCOAH	NOPHMO	NPHS	OHPHM	OMBZLM	OMMBLHX	OMMBLHX3	OMPHHX	OMPHHX3	OPHBDC	OPHHX	OPHHX3	PHYQS	SEPHCHS	SHCHCS	SHCHCS3	SUCBZL	SUCBZS
Unassigned	OAADC	r0082	r0220	r0318	r0318i	r0339	r0392	r0422
Urea cycle	ACGS	ACODAr	AGPR	ARGN	CITRH	G5SADs	OCBT	ORNDC	SPMS	SPRMS	r0085
Valerate metabolism	24PENTDCOAR	24PENTDCOAR2	3HISOVALCOAC	3HISOVALCOAG	3PENTI	5H2PENTCOAD	5HVALCOADH	5HVALCOAT	5HVALDH	VALCOAACCOAT	VALCOADH
Valine, leucine, and isoleucine metabolism	23DHMPO	2AHBUTI	2MEBCOADH	2MECOAOX	2MMALD	2MMALD2	3HBCOAHL	3MEBCOADH	3MOBDC2	3MOBS	3MOPDC2	4MOPDC2	ACHBPL	ACLS	ACLS_a	ACLS_b	ACOAD20	ACOAD8	ACOADH2	ALACI	CITRAMALS	DHAD1	DHAD2	DHLCOALT	HIBD	HIBDkt	HICCOAD	IBCOAMPO	ICCOAR2HICCOAT	ICPRENCOADH	ILETA	IPMD2	IPMDr	IPPMIa	IPPMIb	IPPS	KARA1	KARA2	KARA3	KLEURFd	LEUO	LEUTA	LLEUDr	LPAMMBT	LPAMMBT2	LPAMMPT	LPAMS	L_ILE3MR	L_VALMOD	MACCOAT	MCCCr	MGCOAH	MMCD	MMSAD1	MMSAD2	MMSAD3	MMTSAO	OCOAT1	OCOAT1r	OIVD1	OIVD1r	OIVD2	OIVD3	OMCDC	R2HICR	VALO	VALTA	VPAMTr
Vitamin A metabolism	BCDO	RADH	RDH1
Vitamin B12 metabolism	ACBIPGT	ADCOBASr	ADCPS1	ADCPS2	ADCYRS	ADOCBIK	ADOCBIK2	ADOCBLS	CBIAT	CBL2D	CBLAT	COBB	COCHL	CPC2MT	CPC3MT	CPC4MT	CPC5MT	CPC5MT1	CPC5MT2	CPC6MT	CPC6R	CPC8MM	CPPPGO2	CYRDAAT	CYRDAR	CYRDAS	LTHRK	MPML	MPPP9MMEOR	MPPP9MMEOR2	MPPP9MMEOR3	MPPP9MT	P1CM	PC11M	PC17M	PC20M	PC6AR	PC6YM	PC8XM	PPPGO3	PRE3A	R05219	R05224	RZ5PP	SHCHCC	SHCHCC2	SHCHD2	SHCHF	THRPD	UPP3MT	UPP3MT3
Vitamin B2 metabolism	APRAUR	DB4PS	DHPPDA	DHPPDA2	FADRx	FERO	FLVRx	FMNAT	FMNRx	FMNRx2	GTPCII	GTPCII2	GTPDPK	NTD5_a	PMDPHT	RBFK	RBFSa	RBFSb
Vitamin B6 metabolism	2ACAMSUCCAH	4HTHRS	AMOPBHL	E4PD	OHPBAT	PDX5PO	PDX5PO2	PDX5PS	PDX5PSYN	PDXPP	PERD	PHTHRDH	PLPS	PYAM5POr	PYDAMK	PYDXK	PYDXNK	r0389
Vitamin C metabolism	GLACO
Wood-Ljungdahl Pathway	CODH_ACS	FDHfdx	HYDFDN2rfdx	HYDFDNrfdx	METR	MTHFRfdx
beta-Alanine metabolism	13DAMPPOX	3HPCOAHYD	ABUTD	ABUTR	AMAMTi	APATr	ASP1DC	BAMPPALDOX
tRNA Charging	GLUTRR	GLUTRS
